building_type,area_sqm,floors,location,foundation_type,roof_type,has_basement,has_parking,labor_rate,total_cost
Industrial,894.3140820502579,30,Rural,Pile,Flat,0,1,27.761328422469035,1840766.9188035505
Residential,5292.662756745522,14,Suburban,Pile,Dome,0,0,30.41576502686636,6047717.173249362
Industrial,4162.928587197649,6,Suburban,Slab,Pitched,1,0,43.825470359515506,3957715.9854695476
Industrial,9825.548307395204,3,Suburban,Concrete,Flat,1,0,38.75648375094315,7894331.468853086
Residential,1209.1851314637183,16,Suburban,Concrete,Flat,1,0,48.12919339873706,1701499.4102253362
Residential,4038.7704305528423,7,Urban,Slab,Flat,0,1,40.39114335730502,3904191.1869980907
Industrial,9697.757289426152,14,Rural,Pile,Pitched,1,0,37.10544895264081,11999953.849852627
Commercial,8668.520546350404,9,Suburban,Slab,Dome,0,0,38.305880269575034,11255548.42738527
Industrial,8189.013502397871,15,Urban,Slab,Flat,1,0,48.271143184052434,14469475.331372414
Industrial,2653.2379877449043,21,Rural,Pile,Dome,0,1,43.646027896001186,3756212.26838974
Industrial,1791.7871151616516,35,Rural,Slab,Dome,0,0,20.721237120993134,4144561.174586834
Industrial,6719.567877251867,2,Urban,Slab,Pitched,1,1,36.02419088407092,5283635.103747769
Residential,9300.8222923631,27,Urban,Slab,Flat,0,0,40.65015234639694,21505238.476790734
Industrial,5611.952640837905,2,Suburban,Pile,Dome,1,0,42.46095435317465,3683494.7736719265
Commercial,5758.965625752008,35,Rural,Concrete,Flat,0,1,26.3942635794181,11083950.172952576
Residential,2871.7930272368135,18,Rural,Concrete,Flat,1,0,46.01532063354057,2714368.2828670745
Commercial,7717.980038600175,14,Urban,Pile,Pitched,1,0,48.67529441525491,13631211.35108339
Commercial,1951.7331107194814,20,Rural,Concrete,Flat,0,1,27.101459175346093,2901111.7658847305
Commercial,3304.4244404020124,18,Suburban,Slab,Flat,1,0,46.47846372551737,7686919.658008913
Commercial,4311.820742302526,10,Rural,Concrete,Dome,0,0,22.909362875482863,4797471.448666047
Residential,5125.342748976104,25,Urban,Slab,Pitched,1,0,21.671205083457355,12192317.22643205
Residential,2499.856350909294,2,Urban,Concrete,Flat,1,0,23.87671400308248,1769490.482196668
Commercial,1236.884564918115,25,Suburban,Pile,Dome,1,1,21.73223238401108,3032182.3346242458
Commercial,6145.138420172163,33,Suburban,Concrete,Pitched,1,0,45.350367114673276,22193463.890164297
Residential,2957.442477078532,36,Rural,Concrete,Pitched,0,1,21.771504333748158,4876462.105804462
Residential,5854.2583920838615,31,Rural,Concrete,Dome,1,0,28.149925740909666,10540968.786154544
Residential,1628.1908812146028,14,Urban,Pile,Dome,1,1,23.11269030607569,2915667.3174810647
Industrial,4863.287008362693,1,Suburban,Concrete,Dome,0,0,28.86266108941295,3226496.9767923225
Industrial,5372.6353822607,46,Suburban,Pile,Dome,0,1,22.716784028027615,19919430.817693952
Industrial,613.0530145420264,16,Suburban,Slab,Dome,0,0,40.040097522290424,895326.9800654441
Commercial,3432.382354119814,46,Rural,Concrete,Flat,0,1,23.999804490277256,10810219.684269348
Industrial,1430.705301695845,3,Suburban,Pile,Flat,0,1,45.55537777516663,1054867.38288449
Commercial,727.4122076804007,35,Urban,Pile,Pitched,0,0,44.515731521799225,2689391.5357494275
Commercial,9900.606300660458,41,Urban,Concrete,Flat,1,1,20.409850564118283,38320494.52376863
Industrial,3291.3030652497573,6,Rural,Slab,Flat,0,0,46.87179066545344,2500670.613731818
Commercial,8117.757013960885,25,Rural,Pile,Flat,1,0,20.868329502301012,15969502.05152862
Industrial,2620.942482161262,13,Suburban,Concrete,Dome,0,0,27.1893735487267,3336266.9041916104
Industrial,6846.8769500169,34,Rural,Slab,Pitched,1,0,20.97167413327985,16349017.232101263
Residential,7626.255812907897,8,Urban,Pile,Pitched,1,0,30.07530461117948,8418664.178548569
Industrial,5996.823532017658,21,Suburban,Pile,Pitched,1,1,35.41599577139815,12273158.688289756
Residential,4768.604266646568,34,Urban,Slab,Pitched,0,0,43.89934607045414,14234863.358044913
Industrial,4177.2250500579585,4,Suburban,Slab,Flat,0,0,30.139446514095084,3491645.9990185928
Industrial,3553.7958387756535,25,Rural,Concrete,Flat,0,0,41.1647007401935,4944661.443858925
Residential,9302.338528053477,15,Suburban,Concrete,Dome,0,0,25.62513371356941,12045456.645062232
Residential,8323.132137098519,4,Suburban,Pile,Pitched,1,0,42.517953702323794,7315599.189831455
Industrial,9653.766415598475,45,Urban,Slab,Flat,0,0,27.079898177277126,28670383.64178258
Commercial,1330.5425125068928,12,Urban,Slab,Flat,1,1,24.306342678313037,2399430.442186311
Residential,7335.588004516078,32,Suburban,Slab,Dome,1,1,25.56226551122163,18416102.319223616
Commercial,9389.570522528275,32,Rural,Pile,Dome,0,0,25.46189386645566,20270336.11967942
Commercial,1894.2073550400355,28,Rural,Slab,Dome,0,1,35.38588638130973,4127012.8163175457
Commercial,758.3130469310972,13,Urban,Slab,Flat,0,0,45.34392743564438,1552121.87109772
Residential,7437.094427971585,31,Rural,Pile,Flat,1,0,22.38815230977517,13103799.548827782
Commercial,5787.283820481128,14,Urban,Concrete,Dome,0,0,41.20868955480268,11385225.223807374
Residential,8434.104889906894,20,Rural,Concrete,Pitched,1,0,39.630393789585725,10724603.146641472
Commercial,1483.746528600266,18,Suburban,Pile,Dome,0,0,46.17559855488087,2780838.73878226
Industrial,7973.146387412913,29,Urban,Slab,Dome,1,1,27.324426815207218,26601524.01999795
Industrial,2096.1104684726706,6,Urban,Pile,Dome,0,1,33.503295760550884,2243324.456880806
Residential,1720.1938343704746,32,Suburban,Concrete,Dome,0,1,47.774821233305516,3554530.107229222
Industrial,1726.2313995168302,29,Urban,Concrete,Flat,1,1,39.79980350405951,5254544.83004432
Industrial,8164.289730290683,43,Rural,Pile,Pitched,0,0,31.663052385847905,17434273.399860602
Commercial,6685.452484892381,2,Rural,Pile,Dome,0,1,23.942371485658054,3993583.1788339918
Residential,5278.347705214282,23,Urban,Concrete,Pitched,0,0,27.87455023701773,9815338.975034356
Commercial,3652.421792822675,19,Rural,Pile,Pitched,0,1,37.436464324681495,5474258.565161333
Commercial,8784.285354049773,31,Urban,Concrete,Pitched,0,1,41.54503842681541,28045951.37309366
Commercial,3985.20656348409,5,Suburban,Pile,Dome,0,1,23.732656605556805,4240361.223761033
Commercial,8184.334450768613,19,Urban,Pile,Flat,0,1,37.98791780132162,18236734.67965622
Commercial,4447.435594845162,34,Suburban,Pile,Dome,1,0,36.51053836516253,14343250.552415552
Commercial,3831.7498513065852,10,Rural,Concrete,Pitched,1,1,35.41866340072124,4636784.798793669
Commercial,4680.529878129104,25,Suburban,Pile,Pitched,0,1,40.70369353046024,10151379.986216374
Residential,3083.6409542250067,2,Rural,Concrete,Flat,0,0,45.12348785250386,1604880.5920262649
Industrial,7501.332863744886,11,Urban,Concrete,Dome,0,0,29.689690495306053,11367308.2971697
Commercial,5076.931861915544,31,Rural,Pile,Pitched,1,1,46.670365703328784,9551154.258533062
Commercial,2398.9056819534912,15,Urban,Pile,Flat,1,0,24.81900837855652,5055910.166224294
Commercial,9005.788275418228,9,Urban,Concrete,Pitched,0,0,25.19071609253493,12670696.681090616
Commercial,3900.523091594793,23,Suburban,Concrete,Flat,1,0,28.00316190871772,9929689.611197565
Commercial,5481.173325028487,19,Suburban,Slab,Flat,0,1,23.585926086412336,9994218.673745755
Commercial,9074.073898549015,9,Suburban,Concrete,Dome,0,0,26.90957674048633,9705391.97626993
Industrial,6279.956159548522,35,Suburban,Slab,Pitched,0,1,23.192352887085338,15806478.491067193
Industrial,1257.2906030128042,21,Rural,Slab,Dome,0,1,44.65257250956171,1592340.9935131564
Commercial,9404.338023773404,9,Rural,Slab,Pitched,1,1,24.169069756598738,10796619.185445463
Industrial,6314.309725407037,28,Rural,Pile,Dome,1,1,42.4189267267957,10392803.133850047
Residential,3415.5655851051524,46,Urban,Pile,Pitched,0,0,21.437416037400013,11456209.439030716
Commercial,1478.793519367534,7,Rural,Concrete,Dome,1,1,48.455609825417454,1616492.5111619052
Residential,7960.84937377593,16,Rural,Slab,Flat,1,0,41.334802625832985,9648225.63781305
Residential,6238.720283692284,16,Rural,Pile,Pitched,0,1,20.203896457583355,6934270.109120795
Commercial,5381.2648105655835,33,Suburban,Pile,Pitched,1,0,42.915695006006416,15591187.67095133
Industrial,8949.53657220448,4,Rural,Pile,Flat,0,1,35.42245762298556,5838482.113555101
Residential,7907.112391122854,4,Urban,Pile,Dome,0,0,43.38095511005359,7099595.786732871
Commercial,1601.5813093542367,39,Suburban,Pile,Pitched,0,1,35.674904266717654,4689722.346782259
Residential,3186.0484711759273,40,Urban,Slab,Pitched,0,1,39.230745729060644,10579303.249482693
Residential,2560.0424841632107,17,Rural,Slab,Dome,1,0,43.589949661851215,2583256.679171588
Residential,7465.0682964695025,37,Suburban,Slab,Flat,0,1,32.1532416376357,18918100.958715066
Residential,431.9711038842159,39,Urban,Slab,Dome,1,1,20.081244494613564,1209609.3688441687
Industrial,5741.907880226034,29,Rural,Concrete,Dome,0,1,45.498394878355654,12022821.010154545
Residential,7648.340988832836,36,Urban,Slab,Dome,0,0,31.426710878739875,22720791.11180138
Residential,8779.97980394132,38,Urban,Pile,Pitched,1,1,34.88128178049749,22867695.466840845
Residential,3486.609312287484,39,Urban,Slab,Flat,0,1,20.23299926461906,10454675.158288825
Industrial,8230.447316252928,37,Rural,Concrete,Flat,1,0,34.76276031050294,16939729.031427123
Residential,1195.2541958565516,35,Rural,Pile,Dome,1,0,49.59462204715189,2114514.170031421
Residential,8479.87768817173,7,Urban,Slab,Pitched,0,0,28.34802982456309,8776712.072954157
Industrial,1362.137757086626,27,Suburban,Slab,Dome,0,0,31.862548107271344,2514715.07708184
Industrial,4033.144176547636,28,Suburban,Slab,Pitched,0,0,40.6156998940603,9071131.483063221
Industrial,7993.22412121758,22,Rural,Pile,Pitched,0,1,44.44381002570976,12288459.848564187
Residential,1584.1825307528604,14,Rural,Pile,Pitched,0,1,32.52174872018301,1605745.6533890658
Industrial,2369.5888128031506,7,Rural,Concrete,Pitched,0,1,29.290066112038776,1804375.254013517
Industrial,7250.300427091356,37,Rural,Pile,Flat,1,0,48.13477399955201,16782074.224382773
Residential,7228.361711806137,22,Rural,Pile,Pitched,1,1,40.314349000150074,10693417.535225146
Industrial,6447.3615655644435,5,Suburban,Slab,Pitched,0,0,23.570639134794234,5561047.369928021
Residential,6970.08960022429,2,Rural,Pile,Dome,1,0,22.06783634403946,3052073.6324300845
Commercial,5472.971989141202,27,Urban,Slab,Dome,1,1,34.506495523711074,15582773.165408421
Industrial,2592.8106831788323,21,Urban,Slab,Flat,0,0,26.60270198141817,5162687.269969846
Commercial,3522.3903356888027,38,Suburban,Pile,Dome,0,0,27.619542601287606,9367984.629371084
Residential,1897.8173963341142,15,Urban,Concrete,Pitched,1,1,46.33076536483544,3117138.700212069
Industrial,9093.66055720292,21,Suburban,Concrete,Dome,0,0,22.68698072948932,17692411.259204842
Residential,5875.578768184592,10,Suburban,Pile,Flat,1,0,41.46092345686669,6941570.267637576
Commercial,4068.429025960035,23,Urban,Concrete,Dome,0,1,28.13426760141764,11471616.550733175
Residential,4673.857456076914,39,Rural,Slab,Dome,1,0,42.80984664212413,10318770.100925043
Industrial,9478.105062156972,5,Urban,Slab,Flat,1,0,41.672341533906334,12035107.965687428
Industrial,1618.178890849194,1,Urban,Pile,Flat,1,1,20.22175704332879,1364384.1905269823
Commercial,5903.675336966293,13,Suburban,Concrete,Pitched,1,1,35.27406238764797,10327610.362144059
Residential,5108.297920956214,21,Urban,Concrete,Dome,0,1,24.179584471341393,8296943.990134713
Industrial,6153.396930803014,26,Suburban,Slab,Pitched,0,1,45.9868109173603,14083747.728785332
Commercial,279.290819826321,45,Rural,Pile,Dome,1,0,46.14757648587219,872132.716433579
Industrial,8734.026698547099,21,Rural,Concrete,Dome,1,0,32.55037422481274,12409071.812918145
Industrial,9327.970996587763,18,Rural,Pile,Pitched,0,1,33.331868553532416,11337847.292234423
Residential,5694.818517533168,37,Urban,Concrete,Dome,0,0,29.098488182135814,15178377.51015488
Industrial,6996.843156381234,45,Suburban,Slab,Dome,1,0,41.49818896880093,25016749.20668874
Residential,9232.743873655227,32,Rural,Slab,Dome,1,1,30.759840890793775,16565180.717337366
Industrial,7101.662479702646,36,Suburban,Pile,Flat,1,1,28.03377423567901,18258260.91162191
Commercial,1610.1365248511872,17,Suburban,Slab,Pitched,1,0,32.966931785135245,2738155.042723734
Industrial,5805.254765651451,35,Rural,Concrete,Flat,1,1,22.744625551623763,12520522.918862918
Residential,6106.478959190274,49,Rural,Slab,Pitched,0,1,42.398096139326114,14170907.285057986
Residential,4298.893645893621,11,Suburban,Pile,Pitched,1,1,20.377892038153608,4550180.957304432
Commercial,7390.797932684756,21,Rural,Pile,Dome,0,0,39.33455184561782,10267270.30805234
Industrial,9350.233446213248,26,Suburban,Pile,Pitched,0,1,25.48593580264617,20695356.14384286
Industrial,9263.128277777085,4,Suburban,Concrete,Flat,0,0,26.972121386432395,7034162.171340974
Commercial,4563.309776900908,34,Rural,Concrete,Flat,1,0,39.068959959201194,9773159.61905657
Industrial,1221.056653823477,48,Urban,Concrete,Flat,0,0,49.78830397348722,4547423.5415397715
Industrial,9849.927869727113,18,Rural,Concrete,Pitched,0,1,43.33152467217652,13057518.767989347
Residential,8405.091055814748,40,Urban,Concrete,Flat,0,1,26.77518896670176,25793756.13729133
Industrial,1334.1605439123418,35,Suburban,Slab,Pitched,0,1,25.280742651234014,3432416.673698984
Industrial,9216.334637911987,41,Suburban,Concrete,Flat,1,1,45.98698610803011,27805102.413073972
Commercial,8711.97398441507,29,Urban,Concrete,Flat,1,1,33.32551843764513,24759296.65181281
Commercial,5236.496765548114,29,Suburban,Slab,Pitched,0,0,24.111584084844665,14533618.797104158
Residential,5953.626813874799,38,Urban,Concrete,Flat,0,0,45.86634269965815,14217410.302156644
Industrial,4050.1267683142896,42,Urban,Pile,Dome,1,0,44.482770587427844,15268651.152426476
Industrial,642.1402243381102,21,Suburban,Concrete,Pitched,1,1,49.517190916914906,1244764.1897509447
Industrial,3418.452692294419,42,Urban,Concrete,Pitched,1,0,47.29231060138052,12047916.464459334
Residential,8048.249141120314,13,Rural,Pile,Pitched,0,0,45.55371015981625,7666077.00200839
Residential,145.8570277455683,49,Rural,Pile,Dome,1,1,21.577231934330094,358445.44663056853
Commercial,3401.6417997423273,41,Suburban,Pile,Pitched,0,1,23.13246108494354,11922362.955386328
Residential,4041.870066550339,17,Suburban,Pile,Flat,0,0,37.06949582912368,5998315.217294988
Industrial,5420.216469085436,9,Urban,Concrete,Flat,1,0,35.944377388454626,6571474.314106728
Industrial,9206.570602486328,41,Urban,Pile,Flat,0,1,33.73889643468606,33739445.44414339
Residential,3528.8253442230166,1,Urban,Pile,Pitched,1,1,31.903679762437527,2916534.783648102
Industrial,3534.836698772654,2,Urban,Slab,Flat,0,1,32.93631454592987,2931131.271554045
Industrial,7401.262356286509,48,Rural,Pile,Pitched,1,1,37.07893802404386,19211337.951356925
Residential,4576.957614809091,29,Rural,Pile,Flat,0,0,20.062295528002437,8756014.320304597
Residential,2323.5877471058216,33,Suburban,Slab,Dome,0,0,27.821263223985568,5040028.753256808
Industrial,4579.151209713665,10,Urban,Slab,Dome,1,1,35.548391620661334,6623521.718390563
Industrial,1494.4845017600187,40,Urban,Concrete,Dome,1,0,41.666482960209386,5309077.976568861
Industrial,1846.2311664116107,21,Suburban,Slab,Dome,1,0,25.22470077186189,3453243.8199827117
Commercial,5033.84095012085,28,Urban,Concrete,Pitched,1,1,36.406435213622984,15438136.02759742
Commercial,4247.361950095024,11,Urban,Slab,Flat,0,0,41.43379051657345,7089358.9144949205
Commercial,9156.97442057419,34,Urban,Slab,Dome,1,0,33.33882973741714,36140095.89160814
Residential,3687.699601254668,8,Urban,Concrete,Pitched,1,0,20.81243401010153,4025700.5914298967
Commercial,5847.82466775263,22,Urban,Slab,Dome,0,1,33.4780447539691,14262802.806353793
Residential,6359.416450403351,8,Suburban,Concrete,Dome,1,1,28.893346632324594,5950798.3621372245
Residential,229.635120224503,49,Urban,Slab,Pitched,1,0,47.88948823103985,759852.9322226288
Commercial,6669.019982965435,15,Suburban,Pile,Pitched,0,1,23.738401570349822,10299096.666572522
Commercial,1862.556072010539,17,Urban,Slab,Flat,1,1,39.574278665216966,3897064.5627560006
Commercial,9614.596142947606,23,Rural,Concrete,Flat,1,1,21.581592990035034,17669127.614988323
Industrial,1571.7610047558182,24,Rural,Slab,Dome,1,0,33.385113134380894,2675360.0423030015
Commercial,4204.778824897535,45,Rural,Concrete,Dome,1,0,36.61938461660242,14462548.45064706
Industrial,944.9617139785742,19,Rural,Concrete,Flat,1,1,28.938647939505962,1298766.1272614487
Residential,9969.05509327488,5,Suburban,Pile,Flat,1,0,33.652269065611534,8208988.438860961
Industrial,5071.730602279302,32,Suburban,Pile,Pitched,0,0,24.90661383590562,12000850.51625929
Commercial,5994.311671468434,44,Urban,Concrete,Flat,1,0,29.123715484041085,20960643.43087573
Residential,764.0571261454321,1,Rural,Slab,Flat,0,0,38.63318974730609,297594.74932923564
Residential,7524.60865695186,23,Suburban,Concrete,Dome,0,0,29.054001675834655,13360759.903432447
Residential,2178.065371646299,37,Urban,Concrete,Flat,0,1,46.99229235226615,6802827.099355002
Industrial,8990.737465463066,8,Urban,Slab,Dome,0,0,38.85220872922969,11573508.715463186
Commercial,2130.882440771871,13,Suburban,Slab,Flat,1,0,33.15947055307954,3285475.443446593
Residential,1987.8084345702991,8,Rural,Slab,Pitched,1,0,21.162708066625473,1203002.8097987755
Residential,461.8417116961393,23,Urban,Slab,Flat,1,1,34.986450056140136,878641.4092151213
Residential,4773.462756588992,43,Rural,Concrete,Flat,0,1,42.94328726375268,9418424.771496996
Industrial,5691.927219299902,1,Rural,Concrete,Flat,1,1,27.966727940372408,3136007.711727098
Industrial,750.5155303406884,45,Rural,Pile,Dome,1,0,44.20320708946302,1838907.1516191883
Commercial,7777.723405280604,24,Urban,Concrete,Pitched,1,1,27.554202981526444,25825270.269658186
Industrial,4587.559464005473,35,Rural,Slab,Flat,0,1,44.71239163852401,10624807.163990846
Residential,5291.463666343042,24,Urban,Pile,Dome,0,1,22.558050248350323,12853299.521539172
Commercial,4463.551194688459,17,Rural,Slab,Pitched,1,1,45.98551126607089,6096628.025932577
Residential,4067.5543026657274,5,Urban,Concrete,Dome,0,0,34.97559352799991,3840504.2719870056
Residential,5640.439279951357,20,Rural,Pile,Dome,0,1,28.896127688607862,6574219.933748201
Industrial,1636.8784347140538,21,Suburban,Slab,Pitched,1,1,27.953397512454465,3087031.9218298527
Commercial,1901.0884919031841,40,Rural,Pile,Flat,0,0,32.96031676791088,4544628.894983384
Industrial,8631.677648033821,31,Rural,Pile,Dome,0,0,49.971484943109346,17480861.563599218
Industrial,9466.543075122963,46,Urban,Concrete,Dome,1,1,26.609821803127478,34523685.096245795
Commercial,3795.762231169554,36,Urban,Slab,Flat,0,0,23.096499466369988,10967212.108884089
Residential,2780.3722641211825,11,Rural,Pile,Flat,0,1,37.55105506155986,2866714.890552071
Residential,6475.595478066256,15,Suburban,Pile,Pitched,0,0,34.65627399320771,8452673.034741499
Commercial,4146.468293871154,19,Suburban,Slab,Pitched,0,0,35.72588813189922,6980453.340443433
Residential,351.32492103741413,7,Urban,Pile,Pitched,0,1,40.008062526716515,359587.1392362731
Commercial,1645.9107139252847,28,Suburban,Pile,Flat,0,0,28.01432209611948,3830884.0110636656
Commercial,7188.125065589235,43,Rural,Pile,Dome,0,1,47.319949861516655,20218283.693436082
Industrial,6623.3470249104985,5,Urban,Slab,Dome,0,0,33.07016198366871,7083506.064721341
Commercial,368.25032578448656,5,Rural,Slab,Pitched,1,1,23.872585854273854,327494.9920440144
Industrial,2297.5244031361995,30,Urban,Slab,Flat,1,0,42.26896270201833,6530331.001960222
Residential,2387.640486221907,32,Urban,Slab,Dome,1,0,39.29313057853551,6321015.48421913
Residential,6751.7381616274115,8,Urban,Concrete,Pitched,1,0,29.472302074521114,8482352.220762433
Residential,295.13432376820515,10,Urban,Pile,Dome,0,0,38.64556172102145,285968.93141631107
Residential,1130.674961647281,38,Suburban,Slab,Dome,1,0,26.595858691069306,2635907.4434055313
Industrial,8019.169245194575,47,Rural,Pile,Flat,1,1,33.345180780215884,19431990.83598207
Residential,1867.5921543379027,32,Rural,Pile,Flat,0,0,46.98237566501976,3453273.7118007676
Commercial,6562.18646773356,48,Rural,Concrete,Dome,0,1,24.006026994822484,18695350.721018385
Commercial,2458.0095323625924,28,Urban,Slab,Pitched,0,1,31.600893499623858,6475625.321922511
Commercial,1084.4697883175172,17,Suburban,Slab,Flat,0,1,44.63427274161042,2047950.839208604
Industrial,2507.4046908945957,31,Rural,Pile,Dome,0,0,49.084726982185344,4112298.9926967775
Residential,7250.442625371025,8,Suburban,Slab,Flat,1,1,33.61778409265388,6743589.372014063
Residential,8571.39503425223,40,Urban,Pile,Flat,0,0,35.20998860430042,31837102.605113897
Residential,8319.176659213217,25,Rural,Pile,Flat,1,1,37.16515885351309,13455632.285048015
Industrial,4032.116943222703,9,Suburban,Concrete,Dome,1,1,47.97044424901132,4417488.297180199
Commercial,6714.042852049397,2,Urban,Concrete,Pitched,0,1,45.74620372931089,6332387.487581619
Commercial,2129.3445246166275,15,Suburban,Concrete,Pitched,1,1,25.11803373864933,4042159.988075087
Residential,3002.1625295840313,3,Rural,Pile,Pitched,1,1,33.10273453541225,1782793.9291524773
Commercial,8973.724603359085,49,Rural,Slab,Flat,0,0,33.920012845892785,27739522.963841565
Commercial,228.71904275628674,36,Urban,Concrete,Dome,1,1,43.6728833494627,888011.6273114433
Industrial,946.534455459234,4,Urban,Slab,Flat,1,1,38.08678647816306,798077.7220885138
Industrial,2158.0739259456705,14,Urban,Concrete,Pitched,1,0,39.62661386087039,2982711.6213236223
Industrial,362.6688183508152,41,Suburban,Concrete,Pitched,0,0,49.945997229968526,999298.1522835242
Industrial,1896.2108073889933,41,Suburban,Pile,Dome,0,0,22.248801304100393,4982035.074088265
Residential,5872.111453599952,25,Suburban,Concrete,Flat,0,1,26.69029470601199,11096030.51640819
Industrial,4272.1030508657295,10,Urban,Concrete,Pitched,1,1,32.236878121146404,6158645.365619162
Commercial,8937.44993966205,21,Rural,Pile,Dome,0,1,30.433472091466616,13559696.553760942
Residential,8192.691261210566,36,Rural,Slab,Flat,1,1,20.649366840409506,16408326.492018832
Commercial,3483.991781808972,12,Suburban,Concrete,Flat,0,1,22.753328194135275,4869214.949876415
Commercial,2668.2919909697957,27,Suburban,Pile,Pitched,1,1,40.42859874210728,8293213.9622028805
Commercial,3858.954840855942,40,Rural,Concrete,Pitched,0,0,46.379733900876815,10420810.399450323
Industrial,5943.919930896596,2,Rural,Pile,Flat,0,0,35.426810337979326,2648610.430458667
Industrial,2753.830044146475,13,Suburban,Slab,Flat,1,1,36.17573238540899,4410151.73728885
Residential,6279.0741877064265,32,Suburban,Slab,Pitched,0,1,27.65280298497138,12598205.624661542
Residential,4153.17535669328,31,Rural,Pile,Flat,1,1,43.03629090901134,6583751.859521179
Industrial,5565.267090434604,16,Urban,Pile,Pitched,0,1,42.55383762101769,11829163.096201211
Commercial,4417.652638439635,32,Suburban,Pile,Flat,0,1,37.650970676529695,12726822.888872707
Residential,3015.211019464985,32,Rural,Slab,Pitched,1,0,26.379928595340285,5691557.921401704
Industrial,9489.687738925351,34,Rural,Concrete,Dome,1,0,22.910546547112684,20704756.91241153
Industrial,7659.697362181632,11,Rural,Slab,Pitched,1,1,21.92715727571378,7423925.560308063
Industrial,1487.1204400878803,10,Rural,Pile,Pitched,0,0,37.780881999286336,1233757.2564742218
Commercial,8697.832961389337,15,Urban,Pile,Dome,1,1,44.751059574284,17421573.52134403
Industrial,4925.568862670185,17,Rural,Slab,Flat,0,1,45.749912953427746,6928876.430958069
Industrial,8956.067046251505,40,Suburban,Pile,Dome,1,1,33.90866223030349,26915404.350817095
Industrial,8018.56703387842,18,Urban,Slab,Pitched,1,0,43.52813897920151,17602021.84804361
Industrial,4309.613694245411,9,Rural,Pile,Flat,1,0,48.40640589023071,3754059.870471118
Residential,322.44615236916223,25,Urban,Concrete,Dome,1,1,28.25510337464204,670432.1938236074
Residential,2759.905857910966,40,Suburban,Concrete,Flat,1,0,31.938810391422713,6199902.682182699
Industrial,5462.178725142582,14,Rural,Pile,Flat,1,0,47.94436977790042,6448924.551839491
Commercial,6371.434376278858,25,Suburban,Slab,Dome,0,1,30.146929019518545,17289622.820082795
Residential,2653.0880857887028,22,Rural,Concrete,Flat,1,0,47.416288709653884,3249834.527570784
Industrial,1479.6251333209589,30,Rural,Slab,Dome,0,0,49.43134586763397,2737829.650780214
Residential,8365.809344313062,20,Rural,Pile,Pitched,1,1,39.85432185723274,9272712.169652248
Residential,9845.581588965166,21,Rural,Slab,Flat,1,1,44.50670868512505,12348734.642802909
Commercial,5304.33280479659,44,Rural,Concrete,Pitched,1,0,42.486366926632556,16058329.080202242
Industrial,1799.6249298982045,32,Urban,Slab,Pitched,0,1,40.986027728465714,4208918.186015442
Industrial,2795.8425325417525,46,Rural,Slab,Flat,0,0,29.207932189436978,6876539.86067959
Commercial,282.0676978199207,49,Rural,Pile,Dome,1,1,21.71283013723831,849278.3691657572
Commercial,9151.55818494894,21,Urban,Pile,Flat,0,1,30.29155197558952,23936041.333776936
Industrial,1265.7357206123972,35,Urban,Pile,Pitched,1,1,40.008079556117195,3959548.1545562367
Industrial,5807.51310759111,32,Urban,Concrete,Pitched,1,1,23.075875946834042,18861140.3669529
Commercial,2813.146684803339,30,Urban,Concrete,Dome,0,0,20.357539489347264,8531613.746635363
Residential,5586.362224906355,39,Urban,Pile,Flat,0,1,24.19077117808816,14470072.683838952
Residential,6549.061844683456,49,Urban,Pile,Pitched,0,1,41.47207779232386,20131085.58850771
Commercial,8314.443856701297,12,Rural,Concrete,Pitched,0,1,49.18381104969332,7849845.197746145
Residential,2143.570590429972,41,Rural,Concrete,Pitched,1,0,49.49194098844461,4882152.578782518
Commercial,208.85870371895675,47,Suburban,Concrete,Dome,0,0,34.81937447420564,971744.2142372194
Residential,1455.167737681192,18,Rural,Concrete,Pitched,0,1,46.08056902977042,1734736.8986860896
Residential,9010.18455429624,21,Rural,Pile,Pitched,1,1,42.10479367254512,13966637.648802677
Industrial,8751.5117678689,13,Urban,Concrete,Flat,0,1,35.0312071095381,15086538.201261168
Industrial,6014.389711486052,21,Urban,Pile,Flat,0,1,37.18281598865261,11900958.13306225
Residential,6045.116918293168,8,Rural,Slab,Pitched,0,1,24.116814398506133,5001275.17952186
Residential,6683.863078007929,46,Suburban,Slab,Pitched,0,1,48.12984381849776,18175556.31662343
Industrial,1836.175658372151,40,Urban,Concrete,Flat,1,0,30.557893121953303,6070502.7165222
Industrial,9152.678264657101,46,Rural,Slab,Dome,1,1,33.384477693715084,23649583.889479678
Industrial,4245.828196431524,7,Rural,Slab,Dome,0,1,40.14980692993696,3187178.6404544883
Commercial,3893.071429670025,23,Suburban,Slab,Dome,0,1,30.01707414579662,9080982.406664493
Residential,5237.285282300091,44,Suburban,Concrete,Dome,1,1,27.627774829667917,14128622.843654726
Industrial,564.963071073045,32,Urban,Concrete,Dome,0,1,38.93148179810662,1739424.391123733
Residential,1746.2053506851862,11,Suburban,Slab,Dome,0,1,20.749522468455485,2033779.3382785262
Commercial,7406.532802621067,22,Rural,Pile,Dome,0,0,41.62175336080037,12747154.980246095
Commercial,919.706812458752,22,Rural,Slab,Dome,0,0,35.42070109629529,1827228.817100529
Industrial,6071.2058837172435,43,Suburban,Concrete,Flat,0,0,38.17261191562803,19975936.678495258
Commercial,2528.9561858450775,25,Suburban,Concrete,Dome,0,0,38.956404777406554,6368830.732828861
Residential,3954.0265790155677,22,Suburban,Concrete,Dome,0,0,35.811504694776914,6368294.078622604
Industrial,2958.0679940299287,28,Suburban,Slab,Dome,0,0,37.47601332322208,6399836.671635837
Residential,3621.1598930029963,29,Urban,Pile,Pitched,0,1,40.513646026696236,9095710.321105447
Residential,7218.55446132403,13,Suburban,Concrete,Flat,1,1,42.59356541539022,8902505.153421838
Commercial,3041.504984669433,18,Urban,Concrete,Flat,1,1,41.82357173858361,6847084.380167945
Commercial,5707.405938939282,2,Rural,Slab,Flat,1,1,46.08849373196785,2896675.4847915634
Commercial,4812.898981771086,29,Suburban,Pile,Dome,0,1,25.683302995022082,13337951.341572996
Commercial,6670.344537090216,21,Urban,Slab,Dome,0,1,32.03443908475393,18164804.81620945
Commercial,9374.614419315105,15,Suburban,Concrete,Pitched,1,0,48.43388198043371,14138175.634824922
Industrial,7352.463762381478,27,Rural,Pile,Flat,0,1,31.897717231589894,12948070.170327026
Residential,2227.909748048492,31,Rural,Pile,Dome,1,0,23.74610230717768,3609523.7074379837
Residential,408.7130371067183,15,Rural,Concrete,Flat,0,0,35.76335379086539,393732.5115737346
Residential,2696.414038568268,23,Suburban,Pile,Pitched,1,1,23.284729176633864,5389541.274057583
Residential,5991.271513932523,24,Suburban,Pile,Pitched,1,1,26.085597161835956,9827693.536533121
Commercial,609.1155534940784,44,Urban,Slab,Pitched,1,1,49.9495626971287,2475134.335120381
Residential,5014.02584729224,13,Rural,Concrete,Flat,0,1,36.24087915188396,5554365.636299038
Industrial,6008.744204277204,22,Suburban,Concrete,Dome,1,1,28.52175167121287,11161381.42914172
Industrial,3409.014519087912,43,Rural,Concrete,Dome,0,1,49.84324863721719,9119619.466962816
Residential,7732.030817083637,37,Rural,Concrete,Pitched,0,1,48.99676755665429,12456554.786946334
Residential,1155.322706024341,33,Urban,Concrete,Dome,0,0,33.222171232527906,2528077.557132112
Industrial,843.8640391845067,3,Urban,Pile,Pitched,0,1,27.81209326363725,671093.6345500764
Industrial,7309.068686415673,19,Urban,Slab,Flat,0,1,45.1519891427657,13582335.448630674
Commercial,5005.364030441365,23,Urban,Concrete,Pitched,0,0,41.46862150915357,11075839.644644951
Industrial,6915.183724634587,29,Rural,Slab,Flat,0,1,40.608243050105315,12550772.869088266
Commercial,4404.790652177087,30,Urban,Slab,Pitched,1,1,46.793412239674176,15358362.007856263
Commercial,2539.380129067157,39,Urban,Pile,Dome,1,0,40.682514016139734,9275508.17384893
Commercial,8209.112944974579,44,Urban,Concrete,Dome,1,1,28.513938291246475,34000322.32775706
Commercial,8014.217201792894,47,Urban,Pile,Pitched,0,1,40.81589485627197,33847806.8388753
Commercial,6977.495061458825,25,Rural,Concrete,Dome,0,1,29.17440533850992,11444142.713596595
Residential,2794.2368585766308,37,Urban,Pile,Dome,0,1,42.777169389709854,5710083.887861192
Industrial,5943.283602003962,47,Rural,Slab,Dome,0,1,38.59243563474698,15074576.200138185
Commercial,3673.6415797062655,8,Suburban,Concrete,Flat,1,1,22.322346559542517,4405185.377551887
Industrial,1006.6625259336781,42,Rural,Slab,Dome,0,0,35.38506087305426,2227663.8691299045
Industrial,9181.404397076203,16,Rural,Slab,Flat,1,1,30.299029075872227,10111071.211137874
Commercial,1454.5044460977178,8,Urban,Pile,Pitched,0,1,29.857118981968828,2251790.6594858766
Residential,9507.349802825944,1,Suburban,Concrete,Dome,1,0,38.067689071317716,6822154.432035999
Commercial,4515.457152283761,44,Suburban,Slab,Dome,0,0,29.669744734082748,14527292.280030968
Residential,1932.8159955023345,5,Suburban,Pile,Dome,1,1,43.30681244614618,1769842.0956901703
Industrial,5464.819379045745,3,Suburban,Concrete,Pitched,0,0,22.12374308033523,4050608.6184280477
Residential,8742.163775176443,1,Rural,Concrete,Flat,1,1,39.81164757187476,4134249.0388379795
Residential,7349.026375454656,4,Suburban,Slab,Flat,0,1,44.275844109702234,5066636.583462701
Residential,8084.955363828352,40,Rural,Concrete,Dome,1,0,40.184950697612905,16837117.280954085
Industrial,6621.955330436102,35,Rural,Slab,Pitched,1,1,34.91687585059987,15656685.659271065
Industrial,6953.537988726739,32,Rural,Concrete,Pitched,0,1,48.50921041208544,11615442.208492557
Residential,8507.03695049666,42,Suburban,Pile,Pitched,1,0,28.998154693941906,22585529.443229277
Residential,2571.7132877059407,34,Urban,Slab,Pitched,0,0,20.575036625749334,7637309.673276102
Commercial,4945.307140067091,43,Urban,Slab,Pitched,0,0,32.959681143903225,22454996.171503603
Residential,2289.973474014062,25,Suburban,Concrete,Flat,0,0,20.990358077009816,3557582.475587594
Commercial,9877.913279166805,10,Urban,Concrete,Flat,1,1,48.618102575792264,16202279.650057299
Residential,9446.187462897471,21,Urban,Slab,Flat,1,0,26.297541372441543,19791462.412614938
Commercial,490.32543254820837,46,Rural,Concrete,Dome,0,0,43.667810718466384,1522553.7614713889
Industrial,7085.194207905316,39,Rural,Pile,Pitched,0,0,43.23716249523095,16765262.877016887
Residential,9259.958342415091,27,Suburban,Concrete,Dome,1,0,26.531866990488005,18678702.133275703
Residential,1887.695916760602,27,Suburban,Pile,Pitched,1,0,38.63679591440502,3869242.220754069
Residential,5722.657782471032,2,Urban,Pile,Flat,1,1,21.442369054593506,4564126.989463917
Residential,9163.334146121615,41,Rural,Pile,Dome,0,0,34.50723757111602,21646228.556506198
Commercial,436.0651879994085,48,Suburban,Pile,Flat,0,1,20.439413818174604,1606113.874097018
Residential,7004.460645743715,13,Suburban,Pile,Pitched,0,0,47.63431640542525,8093948.349602346
Industrial,3043.7551729882525,9,Suburban,Concrete,Pitched,0,0,49.28258072598715,2857890.5675417865
Industrial,9251.522334227651,36,Suburban,Pile,Pitched,0,0,26.668482999157558,20569450.754970204
Residential,9713.47662713714,22,Suburban,Concrete,Flat,1,0,26.243181037891183,16848925.899444845
Industrial,9448.238242222997,42,Suburban,Pile,Pitched,0,0,42.611605296863885,25065068.042261533
Residential,4794.720744908891,26,Urban,Slab,Flat,1,0,27.601381964880034,10811696.863709684
Residential,8634.222244794202,12,Rural,Pile,Dome,1,0,46.85229677485535,9268665.208698647
Industrial,8461.039045497197,17,Rural,Slab,Pitched,0,0,37.217874083689466,11619719.21047904
Residential,3259.094685108231,14,Suburban,Pile,Pitched,1,1,30.523328690309363,5120149.325271502
Industrial,8306.263194091705,14,Rural,Pile,Pitched,0,0,44.9808123904826,10207866.735912876
Commercial,466.37558368337693,34,Rural,Pile,Dome,1,1,34.80220101240185,1417453.0319394467
Residential,6003.0717969723255,20,Rural,Slab,Pitched,0,0,47.34898741125427,7518148.428853265
Commercial,2377.0874891482604,11,Suburban,Slab,Flat,0,1,47.84042710188143,3010753.5113941045
Industrial,1293.6121691950602,16,Suburban,Pile,Flat,1,0,24.96260456385228,1748046.5537672946
Commercial,861.8366961291706,31,Rural,Concrete,Pitched,0,0,20.069702183957908,2094002.6258696422
Commercial,6993.258881193584,6,Rural,Pile,Pitched,1,0,49.51792820427207,6140851.194548161
Industrial,3464.7621413038546,19,Suburban,Slab,Dome,0,1,47.18412608382438,5707919.612071306
Commercial,7275.191038134739,37,Urban,Pile,Dome,0,1,21.663357071115243,25710559.685483664
Commercial,747.0277739095295,4,Rural,Slab,Dome,0,1,44.9910279182321,530906.1098479968
Industrial,3221.3743445230425,47,Urban,Slab,Pitched,1,1,33.7341479767762,13477336.429818787
Commercial,5440.963794515838,4,Rural,Slab,Dome,1,0,27.768848150749257,3720197.600922304
Industrial,7928.159331905739,20,Urban,Pile,Dome,0,0,46.362395710307894,16101405.153176464
Commercial,3255.649779027492,10,Urban,Slab,Flat,1,0,25.900016971709217,6138576.284621415
Industrial,6296.32462672639,24,Urban,Slab,Dome,0,1,48.418999982602,11336635.494982386
Industrial,8871.179707538253,35,Suburban,Pile,Flat,1,0,26.168644630980232,19500641.211292814
Commercial,6197.045563004815,26,Urban,Slab,Flat,1,1,38.410495631862304,19895917.058713242
Commercial,2406.2988000609744,37,Urban,Pile,Dome,0,1,26.692590035869245,10225208.77765871
Commercial,341.5677374097264,38,Urban,Slab,Flat,0,1,36.37005994905904,1240504.2895354312
Residential,8713.978851619206,21,Rural,Concrete,Pitched,0,1,40.519253897454234,8819091.456874171
Residential,310.5671674188327,40,Urban,Concrete,Pitched,0,1,25.706837924604127,1086416.3745073834
Residential,8759.546559573575,39,Rural,Slab,Dome,0,0,35.62657348102037,15776216.916399803
Industrial,5336.477626869399,21,Urban,Concrete,Pitched,1,1,34.07179233170357,11271213.443314474
Commercial,9396.770215277673,10,Urban,Pile,Flat,1,1,22.131122642100237,16200640.208263304
Industrial,8007.954034159287,38,Suburban,Concrete,Pitched,0,0,44.549234530259085,19732091.94858047
Residential,9979.547694280041,46,Rural,Slab,Dome,0,1,30.07047201928525,20803583.47539221
Commercial,3572.0469729719307,4,Urban,Slab,Dome,0,1,37.23746592655638,3637396.798463625
Industrial,7695.164060418157,45,Rural,Pile,Flat,1,0,35.44352704799403,23186296.116605714
Commercial,4079.1160447314974,20,Rural,Slab,Dome,0,0,35.39781513711327,7101331.979281677
Industrial,4850.768641008697,17,Suburban,Pile,Pitched,0,0,23.216671826254625,7617238.760785774
Commercial,6312.304085861864,7,Suburban,Concrete,Dome,1,1,32.70446027747998,5836990.534046714
Residential,8749.403430444754,4,Suburban,Concrete,Flat,1,0,33.571002776197105,6802635.831405915
Residential,9842.426345073021,29,Suburban,Pile,Dome,1,0,42.009285210933456,21208755.489026815
Commercial,7705.90679725873,14,Suburban,Pile,Pitched,1,0,45.200564957620955,11008980.493028613
Industrial,4235.891143456604,3,Suburban,Slab,Flat,0,1,36.34946834300054,3169157.061472097
Residential,4271.434322542995,24,Suburban,Concrete,Pitched,1,0,22.603488621949715,8426221.798946464
Residential,7402.0647857300255,37,Suburban,Pile,Flat,1,1,27.10548411789639,19690609.014575396
Residential,2463.893743106193,16,Urban,Concrete,Dome,0,1,24.948020805581933,3653884.064051468
Commercial,1193.6937200008072,4,Rural,Pile,Flat,0,0,23.73845189567374,870161.7376201177
Commercial,3610.7593606436876,24,Suburban,Concrete,Flat,0,1,30.976978958534225,8733838.554213688
Industrial,2943.666017375409,34,Suburban,Slab,Dome,1,1,26.88180506463146,7674811.104008398
Industrial,3033.4503925143017,30,Rural,Concrete,Pitched,0,0,26.54909335434537,6008519.4249219205
Industrial,2412.7167353941086,18,Urban,Concrete,Dome,1,1,21.640795237288028,4964216.822545624
Commercial,516.7225773999826,19,Rural,Concrete,Flat,1,0,20.530101343863016,879781.0449328796
Commercial,276.9519538607967,31,Rural,Concrete,Dome,1,1,23.083047279493453,684328.4271297962
Industrial,9878.451658386712,19,Suburban,Concrete,Flat,0,1,25.165924382708994,14356960.24315096
Industrial,4334.954023985038,49,Rural,Slab,Dome,1,0,32.929511865446095,11875282.266044784
Commercial,3904.8338068808484,46,Rural,Pile,Dome,0,0,35.31560783896534,10992959.893477323
Industrial,6828.508098661391,19,Suburban,Concrete,Pitched,0,1,24.217757545200968,12268939.638530288
Residential,2260.713489864135,22,Suburban,Slab,Flat,0,1,32.743500245725585,3860393.5261122435
Commercial,9504.615721107231,24,Suburban,Concrete,Pitched,1,0,30.25246526977782,21640349.523186017
Industrial,7884.815642713966,45,Suburban,Concrete,Flat,1,1,25.50270930493868,22270535.52282873
Commercial,985.1689228913692,12,Rural,Pile,Dome,1,1,20.205222444450907,1014297.3716175652
Residential,4234.049680270791,30,Rural,Concrete,Flat,0,1,34.01053599565225,7124414.868948713
Commercial,8803.271244865431,38,Urban,Slab,Pitched,1,1,40.56955247795598,32767838.526448626
Commercial,9452.847020684962,31,Urban,Slab,Pitched,1,0,26.78832002431421,33856114.66190454
Commercial,4727.2749613737105,36,Rural,Pile,Pitched,1,0,23.95420489690038,9922119.446739843
Commercial,6172.772753186006,19,Urban,Concrete,Flat,1,0,46.61128233340885,16996370.761796094
Residential,1753.6360663115447,48,Rural,Slab,Pitched,1,0,28.250743174633932,4555450.73387135
Commercial,9912.569398756068,45,Urban,Concrete,Pitched,0,0,26.708378593779944,42946706.549298026
Commercial,2393.5498436960897,36,Suburban,Concrete,Pitched,0,0,45.712908188297476,8361231.183444572
Industrial,9433.044563937743,30,Urban,Concrete,Dome,0,1,44.51321297500284,27810407.476813007
Commercial,6531.5018250244475,49,Suburban,Pile,Dome,0,0,33.45039411573901,23858506.68557954
Industrial,6116.5942693007055,33,Suburban,Concrete,Flat,1,1,34.67716584283323,15613000.902586823
Residential,5175.616259063435,18,Suburban,Slab,Flat,0,1,26.532461145020658,5939028.093459686
Residential,2383.631136005811,49,Suburban,Concrete,Pitched,1,1,22.349050114386724,8332401.219809565
Residential,1847.627516854532,28,Urban,Slab,Dome,0,0,37.20295476066983,4087918.4086553077
Residential,2282.813469794736,47,Rural,Concrete,Pitched,0,1,22.950347647706394,4259219.9312596535
Industrial,1945.7387952281197,11,Suburban,Slab,Pitched,0,0,33.478236408699495,1981730.3811788436
Commercial,7817.886288310858,45,Urban,Slab,Dome,1,1,48.214915955390325,39048296.68585619
Residential,3566.2400657506278,33,Suburban,Concrete,Dome,1,1,48.585031675117534,9537025.634627527
Commercial,672.6424979776241,17,Urban,Concrete,Dome,0,0,27.179968596420757,1419478.549318303
Industrial,9694.116038394031,6,Urban,Slab,Flat,1,1,38.72340260136963,9887109.894821247
Industrial,8849.480261137915,4,Urban,Pile,Flat,0,1,34.222287923235726,7155487.822751917
Industrial,9284.747603632608,20,Rural,Concrete,Pitched,0,1,46.27055382758318,14269391.668833697
Residential,9949.58744419971,48,Urban,Pile,Flat,0,1,28.1429259282816,36904443.44375155
Commercial,1821.5629672729242,47,Urban,Concrete,Dome,1,0,20.111072204972505,8222864.793071249
Commercial,4022.795987136322,27,Rural,Concrete,Dome,0,1,24.87683617794245,7446025.60427007
Commercial,7606.560909470504,15,Rural,Concrete,Flat,0,1,30.485684035081942,10763927.277741516
Industrial,6990.604118732543,6,Urban,Concrete,Pitched,0,0,29.471633893114657,7857718.88412786
Residential,1623.569472764565,47,Rural,Pile,Pitched,1,1,43.74088757368658,3609105.3903824114
Industrial,8176.747937407116,14,Suburban,Concrete,Flat,0,1,40.41681998416513,9751515.736334223
Industrial,2321.9616611829406,11,Suburban,Slab,Pitched,1,1,28.986689588446918,2558653.355421222
Commercial,2315.7943867439685,39,Rural,Slab,Pitched,0,1,33.7323145149864,5736848.6654535495
Industrial,5416.046786644794,9,Rural,Pile,Pitched,1,0,22.866773118750057,4426267.664117552
Commercial,5970.105354932861,26,Urban,Concrete,Dome,0,1,46.94439334460302,19866167.01741084
Residential,5842.85345759433,16,Rural,Slab,Dome,0,0,48.06274473345603,5770441.895431796
Commercial,1005.7196902377732,5,Urban,Pile,Flat,1,1,49.39410606142815,1102749.5611847288
Residential,8786.862540040765,10,Suburban,Concrete,Dome,1,1,46.05658492357513,8287561.589395173
Commercial,2729.44042162819,3,Rural,Slab,Pitched,0,1,25.218826630886767,1847380.2350405308
Industrial,1382.1977206997612,13,Urban,Slab,Dome,1,0,21.385894496048866,1801655.524329069
Industrial,8898.605990702874,43,Urban,Pile,Flat,0,1,37.387901822380215,31558987.744258083
Residential,9560.949832474558,49,Suburban,Concrete,Dome,0,1,47.37815080649331,24924770.557182107
Residential,8635.063410927962,30,Rural,Concrete,Pitched,0,0,25.320540849792287,15416849.295144435
Residential,8114.209139776293,45,Suburban,Slab,Pitched,1,0,20.211287438724256,23702881.89808069
Commercial,6586.895608326315,6,Urban,Slab,Flat,0,0,44.16488138096733,9964021.657743338
Commercial,5553.487969030479,17,Urban,Slab,Dome,1,0,22.30387052860202,12000187.868537758
Residential,961.1689231229603,45,Rural,Concrete,Dome,0,1,32.411180957300914,1481388.8035082733
Industrial,4143.686809399917,19,Urban,Pile,Dome,1,1,40.36662011566355,9732290.446876178
Commercial,3789.6163184219085,42,Rural,Pile,Pitched,1,1,27.103927563685403,11525512.23812605
Commercial,2671.5624592272293,35,Suburban,Concrete,Flat,0,1,22.5188769034018,8494202.024477823
Commercial,7261.859125516991,46,Rural,Pile,Dome,1,0,43.10063685367486,19977737.849345844
Residential,5009.169777279831,26,Rural,Slab,Pitched,0,1,38.905252546611244,7325943.246640595
Residential,902.3575374857146,5,Urban,Pile,Pitched,0,1,49.65471453460414,843809.9711401468
Residential,2279.813699303132,29,Urban,Pile,Pitched,0,1,30.32924099959878,5312050.215464523
Residential,6864.26176023,37,Rural,Pile,Dome,0,1,21.85287158870599,10879982.459725428
Residential,853.6955089539719,20,Urban,Slab,Dome,0,0,42.03050106005887,1962103.5102267084
Industrial,8526.94844908281,49,Urban,Concrete,Dome,1,1,35.65200256559737,38533743.99676535
Industrial,5001.950617438346,21,Urban,Slab,Dome,0,1,26.396117941674053,10877704.622868046
Residential,4857.807115533815,10,Rural,Concrete,Dome,1,1,43.451869670142784,4709030.554668668
Commercial,5964.8370681292245,5,Urban,Concrete,Dome,1,0,26.112664575498314,7799853.657226608
Residential,8264.341562658978,36,Rural,Concrete,Dome,0,0,27.819849644988096,14176607.468184633
Industrial,3543.311158231711,6,Urban,Pile,Dome,1,1,22.775856631001574,4508237.807924259
Industrial,6812.35991033473,26,Suburban,Pile,Dome,0,1,31.982968370925633,14930741.486773536
Commercial,5700.7464435583315,4,Urban,Concrete,Pitched,1,1,32.56787671812257,6240980.40495678
Industrial,2743.579874677271,39,Urban,Concrete,Dome,1,0,35.43685371044895,10052381.406219704
Residential,8798.436864916064,39,Rural,Pile,Flat,1,1,41.26892801371332,18025010.076802008
Commercial,7994.517613908588,35,Rural,Slab,Pitched,0,1,47.18302786041278,19479118.453489117
Residential,6618.673163118412,1,Urban,Concrete,Dome,1,1,24.13202296663426,4959020.302615071
Residential,8520.759118032995,24,Suburban,Slab,Flat,0,0,21.630442950459713,16467599.175944334
Commercial,8686.212589502044,36,Urban,Pile,Dome,1,1,20.55593700783,31222660.833888423
Residential,7112.793469478845,6,Urban,Concrete,Flat,1,1,24.308641342064487,7579989.851226652
Industrial,8386.431950800354,41,Suburban,Slab,Flat,1,0,39.73848457344878,29679010.44063238
Residential,7004.967470525908,46,Rural,Slab,Flat,1,0,41.8243123398949,16185633.20829031
Commercial,6833.393640426974,44,Urban,Slab,Flat,0,1,43.595171405843665,29934948.498337645
Commercial,6224.252644330325,31,Rural,Pile,Pitched,0,0,27.31124635713028,15943011.956637515
Commercial,7551.894731620649,20,Rural,Pile,Pitched,1,1,29.1768443978456,13421734.699416284
Residential,1670.1905424014296,24,Suburban,Slab,Flat,1,0,34.494039366964984,2541853.8341200636
Commercial,8820.620516069392,25,Suburban,Slab,Dome,0,0,21.895492905806794,18470633.69561101
Commercial,8731.250924677797,36,Rural,Pile,Flat,0,1,38.33424569633738,22771855.87518774
Residential,389.54810204213555,21,Urban,Slab,Pitched,0,1,49.51205101027273,770312.864796229
Industrial,8275.58583059115,30,Rural,Slab,Dome,0,1,30.824189341340077,15097865.725603472
Residential,1375.8116879871075,24,Urban,Pile,Pitched,1,0,42.58542425274152,3583898.946360711
Commercial,3417.676657165505,44,Urban,Slab,Pitched,1,1,35.00101746708824,14465317.589278683
Commercial,7460.7317372869165,42,Suburban,Slab,Dome,0,1,23.834355330811483,25530214.33795875
Residential,1691.5229708782513,30,Urban,Slab,Flat,0,1,37.46712346407759,3327954.0885732397
Industrial,8197.873538778716,22,Urban,Pile,Flat,0,1,28.99622805332195,19709934.17083991
Commercial,8338.128361781644,28,Rural,Slab,Flat,0,1,21.032096253603747,15463140.102005238
Commercial,5123.930564232279,7,Suburban,Pile,Flat,0,0,39.04789190353232,6260488.115202396
Commercial,163.22012999665245,35,Urban,Pile,Dome,0,1,45.76797047974183,639993.6097130371
Residential,2941.6775184316366,28,Urban,Concrete,Dome,1,1,30.343093006996224,8870633.99836
Commercial,6207.576491919848,14,Suburban,Concrete,Dome,1,0,31.708866416383117,10828194.36833065
Industrial,9813.743162471492,10,Rural,Slab,Pitched,1,1,46.73065048901634,8919902.997763928
Commercial,6354.953917465017,16,Suburban,Pile,Dome,0,1,44.40826440102067,11451598.526218662
Commercial,2672.0554525351818,16,Suburban,Concrete,Flat,0,1,41.44858470655332,4256370.555663989
Industrial,6376.656460686152,31,Urban,Slab,Pitched,0,1,27.463911912594437,18162069.69934879
Commercial,5445.855259186969,42,Urban,Concrete,Flat,1,1,47.306499648999335,23181396.22738771
Residential,7820.4694119963215,25,Rural,Concrete,Flat,0,0,24.63247272617639,10871646.019614395
Residential,1159.1083243868882,13,Urban,Pile,Dome,0,0,38.803115582516654,1455869.5253719322
Residential,7634.176234770077,6,Urban,Pile,Dome,1,0,20.86403541639556,7926450.388110784
Industrial,5458.539128893492,44,Suburban,Concrete,Flat,0,1,39.31159418974838,17899053.321023297
Commercial,9633.620838204048,9,Urban,Concrete,Flat,1,0,28.314330556200794,12514239.338402165
Residential,3484.534443782992,45,Rural,Pile,Pitched,1,1,33.4903093155116,7644907.580815305
Industrial,6362.956742026086,36,Suburban,Slab,Dome,0,1,30.357936561711593,16696183.757058017
Commercial,9327.078244549173,43,Rural,Pile,Pitched,1,1,25.182702687386296,21068229.872883815
Industrial,1114.8463071077247,20,Suburban,Concrete,Pitched,0,0,38.65942370281623,2159617.4239848466
Residential,9378.562023640867,18,Urban,Slab,Pitched,1,0,46.459266654218226,15367337.0800762
Residential,6910.068650778052,43,Suburban,Concrete,Flat,0,0,48.7725272684721,16593885.898471262
Residential,771.5868851412018,21,Suburban,Slab,Pitched,1,1,25.770390894617453,1254314.9003039664
Industrial,3079.539312773481,4,Urban,Concrete,Pitched,0,0,41.5211832218892,2884583.6883236817
Industrial,7110.903677588288,33,Urban,Slab,Flat,1,1,39.93018099817047,19978568.945097312
Residential,766.7709545408399,27,Rural,Slab,Dome,1,0,30.301333687237175,1308384.4364353293
Industrial,5863.487555745105,7,Rural,Concrete,Dome,1,0,20.572975980611776,4789255.307372144
Residential,3524.242263834272,6,Urban,Slab,Pitched,0,1,40.69373741938598,3162011.0360911684
Residential,6247.063625898023,15,Urban,Pile,Flat,0,1,48.36484581678501,9058692.153025938
Commercial,552.8461347438772,18,Urban,Concrete,Dome,1,0,38.96360365746954,1075492.702866555
Industrial,8728.214380908525,32,Suburban,Pile,Pitched,0,0,33.058781725629025,17635167.34529488
Residential,9737.54079485623,11,Suburban,Concrete,Pitched,1,0,35.754616823348854,11151750.288590696
Residential,9691.890767328347,20,Suburban,Slab,Flat,0,1,25.988864229797528,13602469.087621326
Industrial,7521.553134254955,24,Urban,Slab,Pitched,1,1,42.51632491261213,21338285.30423837
Commercial,1387.8537772932566,15,Rural,Slab,Dome,0,0,42.39259490029547,1817005.9445693137
Commercial,7606.805639697323,48,Urban,Concrete,Flat,1,0,24.365519011622748,31245576.528085075
Residential,343.41047294213496,7,Suburban,Pile,Dome,1,1,46.33935147498977,276879.9753983973
Industrial,319.0231601370728,21,Suburban,Pile,Dome,1,0,28.075692184199156,631269.5982735077
Commercial,3303.7411695804585,42,Urban,Concrete,Dome,1,1,49.46768182809845,14241564.830774518
Industrial,4937.567585006191,26,Urban,Concrete,Pitched,0,1,31.487090421117372,13153343.94724761
Industrial,7727.033436297153,44,Suburban,Pile,Pitched,1,1,25.33652176203499,23677909.443681892
Residential,6864.624228404401,14,Suburban,Pile,Dome,0,1,30.551603340369567,7931576.241369722
Commercial,4514.436793129808,37,Suburban,Pile,Dome,0,1,33.20540986091579,15642211.970784148
Residential,2808.9039961884923,21,Urban,Pile,Flat,1,1,22.079233191148845,5115087.868744465
Commercial,9971.53255156134,18,Suburban,Concrete,Flat,0,0,37.34655143669869,19035733.940130465
Commercial,4319.194892136132,5,Suburban,Concrete,Pitched,0,1,37.92897319606701,4204468.955479565
Commercial,4568.731540863787,3,Rural,Slab,Pitched,0,1,42.16791366048417,3427050.0136230197
Commercial,1719.8758297975248,23,Urban,Pile,Flat,1,0,20.875096768722297,5493595.845591065
Commercial,7968.6145326243,26,Rural,Slab,Dome,0,1,36.2371464330149,14618869.797416387
Industrial,6967.454035236738,37,Rural,Concrete,Pitched,0,0,21.58722299811993,13620334.527929414
Residential,2285.619166608728,24,Suburban,Concrete,Dome,1,1,41.0343265989996,4438498.105133205
Industrial,915.5723515968427,49,Urban,Slab,Flat,1,0,21.671839571029533,3338452.555185512
Commercial,6836.943090539659,19,Suburban,Pile,Pitched,0,0,47.351835450248984,14970879.847349871
Residential,6579.661021383239,25,Urban,Pile,Pitched,1,1,41.0624770065349,16938185.409700017
Commercial,2805.2693172822724,21,Rural,Pile,Flat,0,1,35.22169295255471,4151688.4896318926
Residential,9513.549266279062,12,Urban,Pile,Pitched,0,1,33.24511769843525,10781211.385912143
Industrial,1595.4731286309122,41,Suburban,Slab,Flat,0,1,23.920178912397873,4035026.9615928554
Residential,4380.114530321759,33,Suburban,Slab,Pitched,1,0,28.729981686939894,8755554.618970217
Residential,9441.797609659228,4,Suburban,Concrete,Flat,0,0,46.06877315062689,7139162.595364669
Residential,4255.3004375686105,42,Urban,Pile,Pitched,1,0,47.13358434687481,16099964.079639971
Residential,6421.406881874447,7,Rural,Pile,Dome,1,1,20.022431251115933,5046091.222410824
Residential,4036.184539831663,22,Rural,Pile,Dome,0,0,37.82409174432654,5044291.843223131
Commercial,2814.7305032518334,33,Urban,Slab,Dome,1,1,41.57901827075341,10457185.544576844
Residential,9841.3787148023,17,Suburban,Pile,Pitched,1,1,38.56240947372819,12991536.560325384
Residential,4152.406662518926,24,Rural,Slab,Pitched,1,0,22.450392945990618,6580241.225072865
Industrial,8951.582116423431,34,Suburban,Pile,Dome,1,1,26.531746963967066,24203235.133357152
Residential,2376.550598321753,28,Urban,Pile,Dome,1,0,27.51020802144158,6129370.082544741
Industrial,2209.7365698483245,43,Suburban,Concrete,Flat,0,1,44.95173893915269,6092203.527446619
Commercial,408.2274205566625,41,Rural,Pile,Flat,1,0,33.89598308926762,1117584.7887955545
Residential,6551.501571221262,39,Rural,Pile,Flat,0,1,34.604846358237104,14047445.478927718
Industrial,3748.4108028652354,22,Suburban,Concrete,Dome,0,0,48.04679139663526,7549517.778053151
Industrial,8657.146673412406,49,Urban,Slab,Dome,0,0,39.11257666564147,31660968.35580454
Commercial,4784.778076246416,17,Suburban,Slab,Dome,0,1,46.960031046579914,9233706.339504682
Residential,9685.114936355745,34,Urban,Pile,Flat,0,1,33.69526566024599,24222988.736458648
Residential,1936.7026054608993,6,Suburban,Slab,Pitched,0,0,24.483087755548826,1877392.0600566305
Industrial,8699.369362760546,46,Rural,Pile,Dome,1,1,47.89806782222257,22004829.337242983
Residential,7788.308842638243,6,Urban,Concrete,Pitched,1,1,33.761153470026144,8522922.600159477
Industrial,7732.126261976115,34,Urban,Concrete,Pitched,1,1,25.448942656364657,24446598.943006042
Residential,8463.353958357187,1,Urban,Pile,Pitched,0,0,29.071872209117668,7041087.376518263
Industrial,7634.137510335689,10,Rural,Concrete,Flat,1,0,21.524077690668268,7216114.344780606
Residential,6299.581184151012,21,Suburban,Concrete,Pitched,1,1,34.04901774369155,9918993.741182499
Commercial,1399.3242890556369,5,Rural,Pile,Dome,1,1,45.5938451573071,1243723.7590922287
Residential,422.009176963394,2,Urban,Pile,Flat,0,0,48.007413680200685,322601.26174631907
Residential,9216.3936933753,22,Suburban,Concrete,Dome,1,1,47.978066225109316,15544516.735103762
Commercial,6204.838113755307,48,Rural,Slab,Dome,0,0,23.7569007688624,16665069.711149756
Residential,7985.719180664146,2,Urban,Slab,Flat,1,1,31.46161647533171,5832808.833245058
Commercial,4867.071279974246,10,Urban,Pile,Dome,0,1,20.84686278952119,8427159.254881822
Residential,1261.3510707277053,34,Rural,Pile,Dome,0,1,45.65496034914418,1868689.0446507188
Industrial,1339.3393428052493,16,Rural,Slab,Flat,0,0,30.76267286063821,1494198.5110834152
Industrial,6887.096343566816,48,Rural,Concrete,Dome,1,0,38.93351083676704,20290651.239056483
Residential,4360.02835950468,39,Urban,Slab,Pitched,1,0,41.44695314231866,13333567.174239732
Residential,2085.1947943333334,22,Rural,Slab,Dome,0,0,32.89534009229466,3249223.297371942
Residential,4966.7860127402255,12,Urban,Slab,Pitched,1,1,29.19327009650729,5796613.306790223
Industrial,735.6684770438275,24,Rural,Slab,Dome,0,1,48.86638730347834,1014650.8501803633
Residential,5861.516878952548,47,Urban,Pile,Flat,0,0,48.93464675071563,15406383.061647113
Industrial,2763.034703907467,40,Urban,Pile,Flat,1,1,28.683091040900656,11712310.854940698
Commercial,7995.835096308163,38,Suburban,Concrete,Dome,1,1,34.38875290233374,24193403.26874857
Industrial,3172.58339334338,10,Rural,Concrete,Flat,1,0,49.18532475980067,2349007.6187391155
Industrial,4606.679475909832,35,Rural,Concrete,Dome,0,1,20.146052229665095,8734341.56456472
Commercial,215.04334509019628,49,Urban,Concrete,Flat,0,1,32.380347451374476,868828.8391701218
Industrial,817.2241891661329,32,Urban,Slab,Pitched,1,0,23.013726490429054,2234757.82139092
Residential,3985.6862084261797,7,Urban,Pile,Dome,0,1,35.274738966878076,4163804.497435856
Residential,4851.394463699523,21,Suburban,Pile,Pitched,1,1,20.740098636214615,8701805.20920291
Industrial,6040.2034263811065,20,Suburban,Concrete,Pitched,0,1,32.20695294171884,9988099.819489447
Residential,2987.459529222102,26,Urban,Concrete,Dome,1,0,26.620972243560054,6792694.0728328535
Industrial,6980.3206726527715,4,Rural,Slab,Pitched,1,0,35.99925087376222,4252288.646526287
Residential,8615.211732173126,46,Rural,Slab,Dome,0,1,49.87980947302099,16708403.568461066
Residential,7820.524790044163,22,Suburban,Concrete,Pitched,1,1,44.01608315380243,10926656.300717283
Industrial,492.22637094873573,15,Suburban,Pile,Dome,1,1,45.36926274873264,698444.5661223857
Residential,4857.018777852507,40,Urban,Pile,Dome,0,0,39.057949620772426,14694385.43167882
Industrial,1138.8087663399313,21,Rural,Pile,Flat,1,0,21.246795448167756,1559463.8027386982
Residential,2496.245657039022,15,Urban,Concrete,Dome,0,0,26.203930281324325,3066889.7883444927
Residential,9867.95967334475,22,Suburban,Pile,Dome,1,1,47.75193669341165,17250297.930879924
Commercial,1510.705874724981,28,Rural,Slab,Pitched,0,1,30.983393537862536,3540958.089801338
Commercial,5038.992719168425,14,Rural,Slab,Dome,1,1,23.109101794423868,6657941.74234251
Industrial,6219.741769749379,27,Suburban,Concrete,Flat,1,1,41.07216097598606,12770231.866602115
Commercial,7054.40320838663,41,Urban,Slab,Pitched,1,1,28.983731718027638,29873033.580936726
Industrial,5640.5219665204495,40,Urban,Concrete,Pitched,1,0,28.06570738712515,17385963.519273352
Commercial,196.73138944991823,28,Rural,Pile,Flat,0,1,49.93932366674781,350167.32349691197
Residential,3331.9669516155195,26,Suburban,Pile,Pitched,0,1,45.74416775079963,6393643.499873482
Industrial,5225.3452695086435,49,Rural,Pile,Pitched,0,1,32.23813455103523,15206534.45148933
Industrial,969.8783415338502,2,Suburban,Slab,Pitched,0,0,49.40783623449497,630703.6500250079
Residential,3571.2066189708894,25,Urban,Concrete,Pitched,0,1,39.50339670257641,6139688.15357467
Industrial,428.710777034529,3,Suburban,Pile,Flat,0,0,42.2606735563928,317359.3468191395
Industrial,877.9271218347053,8,Urban,Concrete,Flat,0,0,20.945391292466347,1258600.7131097952
Commercial,4029.540434395801,44,Suburban,Pile,Pitched,1,0,23.648157780441714,14488661.248106183
Industrial,1413.8859650262975,33,Rural,Slab,Pitched,1,0,38.99255379488715,2758872.0768501684
Residential,5718.654397789425,42,Urban,Slab,Flat,1,0,46.970719479484515,17099492.942504592
Commercial,6925.703194458931,35,Rural,Concrete,Flat,1,1,38.712311782627864,18192257.434941716
Commercial,8025.80832117992,6,Rural,Slab,Flat,0,1,24.020746829569752,6354013.661620843
Residential,2081.48741802362,39,Urban,Slab,Pitched,0,0,23.47280138738974,6744688.553149867
Residential,1758.0775643647905,23,Urban,Concrete,Pitched,0,0,45.32557687472245,3252090.211545704
Commercial,1135.2216193105626,25,Rural,Pile,Dome,1,0,24.17907016123743,2243557.0466146437
Industrial,6400.659470482004,43,Rural,Slab,Flat,0,1,35.60695881512076,15154306.155544061
Commercial,7094.109692220321,19,Rural,Concrete,Pitched,1,1,21.11339959886907,13239233.95527608
Residential,412.7028337738562,5,Rural,Slab,Flat,0,0,22.420093021735322,257761.29844766855
Commercial,9368.501237812528,11,Urban,Slab,Pitched,0,1,40.17044802928594,17823532.71002624
Residential,614.5157081495769,12,Urban,Slab,Flat,0,1,40.675442312825496,836371.2835602284
Commercial,5458.833719480597,10,Rural,Slab,Pitched,0,0,30.244082198253274,5580254.605648775
Industrial,7119.699142564073,8,Suburban,Concrete,Dome,1,0,26.468292957291343,7372662.547966975
Commercial,8722.594325086247,24,Suburban,Concrete,Dome,1,1,44.411308122719234,19052975.48227854
Commercial,7169.4606281110355,28,Urban,Concrete,Flat,0,1,26.51309688409671,22827694.271486755
Residential,8037.108022390939,41,Rural,Slab,Pitched,1,1,36.26081208999139,16347539.9912092
Residential,3460.55690617378,36,Rural,Slab,Pitched,0,0,49.04626522588717,6439034.702282313
Residential,8166.768626090471,37,Urban,Slab,Flat,0,0,24.435573135871515,24999842.243585244
Commercial,893.136979208284,21,Suburban,Concrete,Pitched,0,0,48.22628802484127,2084657.7201806016
Industrial,8958.684894999224,8,Suburban,Slab,Flat,0,1,25.486791592060058,9193811.05623203
Residential,5521.164523921989,9,Suburban,Pile,Pitched,1,1,37.02329624069689,6101292.6703354865
Residential,8191.247922628688,47,Urban,Slab,Flat,0,0,31.310231358762337,30092397.27638275
Commercial,4577.951016731171,15,Suburban,Pile,Pitched,0,1,48.94785804505477,7297807.839907875
Residential,6471.4191824455975,48,Urban,Slab,Flat,1,0,28.20626087005811,28630796.977881115
Industrial,5311.386343267521,46,Urban,Concrete,Pitched,0,1,31.989740062572608,18869662.935892653
Industrial,7342.7362653777855,40,Rural,Slab,Dome,1,0,49.48580353566261,17116063.317082137
Residential,908.1368221028368,18,Suburban,Pile,Pitched,0,1,36.094111735654195,1485392.4499530632
Residential,697.4856315065816,42,Urban,Pile,Flat,0,1,35.078903468637606,2536972.014177674
Commercial,2546.3220167004497,20,Suburban,Slab,Dome,0,0,27.73335464611974,4972438.47980307
Industrial,1679.4923331205646,6,Suburban,Pile,Pitched,0,0,41.04090680931324,1624332.2185902405
Industrial,8730.657309262797,12,Rural,Pile,Dome,0,0,20.431188553333328,8261991.066034011
Residential,2270.218474844639,2,Suburban,Concrete,Pitched,0,0,21.485378891068805,1295566.6142053732
Commercial,9761.0660326094,7,Rural,Slab,Dome,1,0,37.98075761407408,7961407.728979516
Industrial,3435.268338533958,16,Urban,Slab,Flat,0,1,30.25023721455362,6448075.632303297
Industrial,1902.9673653181228,3,Suburban,Slab,Pitched,1,0,48.59949116602881,1547119.625853587
Commercial,7918.015220710544,45,Urban,Pile,Pitched,1,0,47.09572072168357,33641225.87280225
Commercial,6621.2069774586735,3,Suburban,Slab,Flat,0,0,41.41118776030122,5744919.717377535
Industrial,5032.137592886076,27,Urban,Slab,Dome,1,0,44.54436743383404,16323448.921422213
Industrial,5598.0991542825495,43,Suburban,Concrete,Flat,0,0,40.019955490030796,18189667.848765567
Commercial,7220.097604895412,40,Suburban,Concrete,Flat,1,1,23.76746308130482,22865803.463062078
Industrial,2361.7019391798576,38,Suburban,Concrete,Dome,0,0,42.96630109067608,6859356.496113047
Residential,9963.705768961745,33,Suburban,Pile,Flat,1,0,26.30575906156539,20475748.669896323
Residential,9750.452305253153,28,Suburban,Slab,Pitched,1,0,29.703285653005903,13820329.580404626
Commercial,6538.224294834675,1,Suburban,Concrete,Pitched,0,1,44.577026363072605,4758593.800881006
Commercial,2075.470264198537,8,Suburban,Concrete,Pitched,1,1,36.09576825180345,3007252.8163423096
Commercial,6834.259600069784,37,Suburban,Concrete,Flat,0,0,45.79822142550228,23796347.5917431
Residential,814.7642488938409,32,Suburban,Slab,Pitched,0,0,26.391059595297925,1775550.0458095109
Industrial,403.45977183748005,48,Urban,Slab,Pitched,0,1,38.23335315820661,1489992.470685831
Residential,2651.0605962610152,43,Rural,Slab,Pitched,0,1,22.51372917644785,6011518.178418438
Industrial,4679.967271719232,37,Suburban,Pile,Pitched,0,1,39.291829806200894,12007534.945395075
Residential,8695.897803542966,4,Rural,Pile,Pitched,1,0,42.87602113326604,4850546.101153156
Industrial,7298.973790686449,30,Suburban,Concrete,Pitched,1,0,37.54792681936165,18651232.017990302
Residential,7452.794559879812,6,Suburban,Slab,Flat,1,1,27.98694504496431,6049651.371245854
Commercial,4312.384011035946,46,Urban,Concrete,Pitched,0,0,20.940280065766,20959811.75134921
Residential,3524.756426214933,19,Urban,Slab,Pitched,1,1,23.583466518928574,6179545.7851772485
Industrial,3773.283753547567,32,Rural,Slab,Dome,1,1,38.66908937222078,9005418.524659213
Residential,9877.730680986973,9,Urban,Slab,Flat,1,1,48.03260650527541,10081492.249655645
Residential,497.08099498357655,12,Urban,Pile,Flat,1,0,26.196032119160193,623037.2284468731
Residential,8683.611811612242,11,Rural,Pile,Flat,1,1,42.05078447315296,7690749.321451874
Commercial,5828.886544866695,46,Urban,Slab,Flat,0,1,45.99353189747124,20817268.010311823
Residential,4442.2926499769455,16,Suburban,Concrete,Pitched,0,0,35.62646535342533,4290240.975100028
Commercial,7280.050838109852,1,Rural,Slab,Pitched,1,1,40.07797387530974,3578845.028603637
Commercial,4918.022520104558,45,Rural,Slab,Dome,0,0,44.450459500284445,13654705.031640958
Residential,8746.890057008439,21,Suburban,Concrete,Dome,0,1,27.82025473221781,13460004.356714511
Residential,9016.948453711459,30,Urban,Slab,Flat,1,0,28.90687022804129,23479375.17101501
Residential,4275.037176047209,13,Rural,Concrete,Dome,1,1,20.018825498853687,4129297.09742024
Industrial,2840.5951926270104,34,Rural,Pile,Dome,0,1,48.89282392693407,5777390.30951102
Residential,5964.268253074286,4,Suburban,Pile,Flat,1,1,47.526346837890344,4270101.6056002285
Commercial,9132.397121605241,28,Suburban,Concrete,Flat,0,1,42.93704791278291,24652820.93352543
Residential,2185.555671156099,38,Urban,Pile,Dome,0,1,22.372280629299443,6801852.497935713
Industrial,6267.36917727848,31,Rural,Pile,Pitched,1,0,33.425086690985246,11483812.628822977
Residential,6352.446178915953,27,Urban,Concrete,Dome,0,0,23.056752619146586,14854106.189427111
Industrial,7357.818921911282,5,Urban,Pile,Dome,0,1,20.47760801788396,7288277.036345742
Industrial,1402.5200827598721,25,Suburban,Slab,Pitched,0,1,38.48548895637792,2334622.736971365
Residential,7186.667150352677,3,Rural,Slab,Pitched,1,1,48.82488251240565,4364414.284766756
Commercial,9099.421954589845,33,Rural,Concrete,Flat,1,0,47.0860407029645,19426335.2622414
Industrial,1878.8627778153955,4,Rural,Pile,Flat,1,0,40.902644448062134,1323870.2618223568
Residential,2451.6789167463885,25,Suburban,Slab,Dome,1,1,22.899217524946142,4743951.430052874
Residential,9716.811431012233,20,Suburban,Slab,Pitched,0,0,28.224921130169005,14452024.045753378
Commercial,1891.6718318239487,34,Suburban,Pile,Flat,1,1,29.60170180655873,4706717.226976559
Industrial,8558.412424358834,26,Suburban,Pile,Dome,1,1,42.894501732366834,20943251.36183492
Industrial,4973.550778835544,5,Suburban,Slab,Pitched,1,1,44.06747537705343,4234934.556781588
Residential,2547.587636591453,35,Rural,Slab,Dome,1,0,31.55318368969761,5120479.233169627
Residential,8720.424022597863,28,Urban,Concrete,Flat,0,1,32.53651989852829,20049076.09890276
Commercial,4508.522024526388,29,Rural,Concrete,Flat,0,1,21.33527117828514,9073003.699205598
Commercial,5196.691803903933,9,Urban,Slab,Pitched,0,1,28.67410155256283,8006987.920313595
Industrial,3656.4103570576804,38,Suburban,Concrete,Dome,1,0,33.5385553153292,10162502.032349693
Industrial,5970.213429205782,6,Urban,Slab,Pitched,1,0,23.509491391557727,6443029.493279986
Residential,1718.8863385917255,19,Rural,Slab,Flat,0,0,33.59802382265064,1982878.9378280574
Industrial,3971.707212852431,44,Rural,Concrete,Flat,1,1,45.59527436773401,10538412.628880836
Commercial,9697.181991119347,11,Urban,Concrete,Dome,1,0,37.4396305917516,17508455.254874047
Commercial,2655.5209837411626,2,Suburban,Pile,Dome,0,1,22.36789565115237,2121892.713888687
Residential,6601.692978958793,47,Suburban,Pile,Dome,0,0,25.75013956490823,19983107.06935219
Commercial,3319.3816358244794,44,Rural,Pile,Pitched,1,1,34.23633050475669,9559270.098846175
Commercial,7757.383944297347,44,Urban,Slab,Dome,1,0,30.844614494654362,41940903.31680466
Commercial,1395.6492411116633,9,Suburban,Concrete,Dome,1,1,30.761810586382964,2120244.6147693354
Commercial,9701.228346277592,21,Suburban,Slab,Flat,0,0,35.8780234443077,21038396.786916416
Residential,4592.5164596980285,24,Rural,Concrete,Flat,0,0,37.53187764768372,5033145.694083882
Residential,2436.899587129993,34,Suburban,Slab,Dome,0,0,43.905847108285734,5686076.805325073
Industrial,827.6177985671253,22,Urban,Pile,Dome,0,1,30.22899690387454,1722868.7661760903
Commercial,1780.6032603666533,3,Rural,Pile,Flat,1,0,44.1639884912176,1140179.4578646834
Industrial,5245.762090704575,12,Rural,Pile,Dome,0,0,30.15833687337898,4894029.033562168
Residential,3436.3314466697343,28,Urban,Slab,Pitched,0,0,21.662989668237014,7154901.443036218
Residential,8305.945322237834,30,Rural,Concrete,Pitched,1,0,36.62562953014373,14661180.577392008
Residential,4365.786484251878,26,Suburban,Concrete,Pitched,1,1,37.63706974684443,9776442.477767814
Residential,2562.271298617536,48,Suburban,Pile,Dome,1,0,48.0362073686558,8446593.3581287
Residential,6209.735367379898,21,Urban,Pile,Flat,0,1,41.78183978187423,15035671.296091706
Residential,7097.094447165913,28,Suburban,Pile,Dome,1,1,47.533179574833184,12198169.452967422
Residential,1753.7148882194035,26,Urban,Pile,Dome,1,1,47.25041630729029,3851676.916283943
Commercial,1759.4302412543448,33,Urban,Concrete,Flat,0,1,38.13722330774726,5451530.449298174
Industrial,463.0471266420754,21,Suburban,Slab,Flat,0,0,35.832861960093425,886553.4078008677
Residential,7390.379949149841,35,Urban,Slab,Flat,1,1,36.723229014908,20899428.786795784
Commercial,6671.664823455871,34,Suburban,Slab,Pitched,0,1,49.349924230317434,19831428.048315477
Commercial,4798.845669923157,41,Rural,Slab,Dome,1,1,43.19503075240877,14493844.137743598
Industrial,8457.28744479505,47,Rural,Pile,Flat,1,1,23.187977143771874,19412027.282752052
Residential,8076.134514205526,18,Urban,Pile,Dome,0,0,43.352852203442,12724865.552271524
Industrial,5895.008207527846,11,Suburban,Pile,Pitched,1,0,25.116141466946775,7862133.707538097
Residential,8695.88567708126,23,Suburban,Slab,Pitched,0,1,33.42051647016877,13833039.328010818
Commercial,2137.827979364006,48,Rural,Pile,Flat,0,1,26.313790165296027,5449641.171005135
Commercial,1208.004232037506,22,Rural,Pile,Flat,0,1,40.6874919659969,1865328.5301772074
Commercial,2770.521154018197,17,Suburban,Concrete,Dome,1,0,46.31929208579107,4959227.198375147
Commercial,665.159875284217,5,Urban,Concrete,Flat,0,0,28.710856561000426,791214.9756561359
Industrial,5358.578327210217,44,Rural,Pile,Dome,0,0,22.46032223624563,12641822.725939697
Residential,9372.396353720118,11,Urban,Concrete,Flat,1,0,28.9547929422489,11638069.883840518
Residential,489.5010526182455,30,Urban,Concrete,Dome,1,0,40.17085573796583,1349410.9716957859
Industrial,1308.8881486992652,15,Rural,Pile,Dome,1,1,29.8628038266335,1522099.917006909
Residential,4576.770380006009,27,Urban,Pile,Dome,1,0,28.3433650266141,10891850.588601246
Commercial,9345.362673526259,35,Urban,Pile,Dome,0,0,25.533055717527947,30962162.67862254
Residential,3229.94543926983,33,Suburban,Pile,Pitched,0,1,34.92549280623301,8152093.5314264335
Commercial,5121.624606015085,20,Urban,Slab,Dome,0,0,28.27846484471563,11515247.301926749
Industrial,511.57130459888174,16,Suburban,Slab,Flat,1,0,41.930310474184495,773861.6545454038
Residential,1568.5976895246797,34,Rural,Pile,Pitched,1,0,22.298672059766083,3198790.9114071103
Industrial,9867.638217292584,2,Rural,Concrete,Pitched,0,1,39.92099099333953,5463138.5238371305
Residential,9654.675094716851,35,Suburban,Pile,Dome,1,0,27.126800437033097,23391008.3341342
Commercial,148.9058112506552,40,Rural,Pile,Pitched,1,1,34.67837783154809,332806.853790011
Industrial,9522.936675690065,28,Urban,Concrete,Dome,0,1,28.582697660937818,26019303.933003154
Residential,6427.287384373453,47,Urban,Slab,Flat,0,0,41.68306028032387,22103510.302490182
Commercial,8692.39111574822,39,Urban,Pile,Dome,1,0,48.3592112075491,36772599.88253147
Industrial,4601.924570775205,6,Rural,Pile,Pitched,1,0,47.512303384094395,3464067.0066508767
Industrial,5204.400682934577,9,Urban,Slab,Flat,1,0,37.50278645432273,6469464.149285873
Residential,4939.58114454351,20,Rural,Slab,Dome,0,1,33.87830909770935,6586749.665761043
Residential,6701.956149706433,1,Urban,Concrete,Flat,0,0,44.549015283181454,4510928.22562485
Residential,1482.5474220874978,8,Suburban,Slab,Flat,0,1,40.4997908788319,1185495.799909947
Commercial,396.73853973951174,23,Rural,Slab,Pitched,0,1,25.506923426507985,785285.370851562
Residential,3148.50642175279,3,Rural,Slab,Flat,0,1,44.627576408390006,1431082.3241169087
Industrial,7076.339551092802,4,Urban,Concrete,Pitched,1,1,32.86653168184131,7633674.300118414
Industrial,2098.3491760171887,25,Rural,Slab,Flat,1,1,25.669569799135253,3975502.1428762176
Residential,6766.981089916681,47,Rural,Slab,Dome,1,0,28.453920511894772,14407937.226631666
Residential,9702.129256461978,38,Suburban,Concrete,Flat,0,1,28.02581090745027,23459243.202905588
Industrial,1029.617086315242,15,Suburban,Slab,Dome,0,1,35.5762092381038,1412854.216998994
Commercial,6758.76097042875,21,Urban,Slab,Dome,0,0,27.031102720336264,16063271.26982008
Residential,4493.127171115254,35,Suburban,Concrete,Flat,1,0,23.706994622047283,12557813.324490203
Residential,8694.608318337303,46,Urban,Pile,Dome,0,1,23.710725518412822,26536100.63729868
Industrial,1853.7829155291206,14,Urban,Concrete,Flat,0,1,37.4982859141729,2903299.4727999317
Residential,6956.996927039028,36,Urban,Slab,Flat,1,0,42.04277866548136,23192282.273907118
Commercial,8397.341367516292,12,Rural,Slab,Dome,0,1,29.645990265150225,9482242.159303844
Industrial,9451.68077279283,17,Suburban,Slab,Dome,1,0,21.039521294420513,13358424.77772144
Residential,6864.155480067494,39,Urban,Concrete,Pitched,0,0,23.81674660811032,20711396.970145594
Industrial,5022.03016368343,9,Suburban,Slab,Dome,0,1,47.44083681011171,5784239.879383199
Residential,6216.687677992017,35,Urban,Slab,Pitched,1,0,34.80630978768359,16931954.48025373
Residential,8702.159346339311,13,Suburban,Concrete,Dome,1,1,33.607184288455244,11312187.40728678
Residential,5749.036491724414,15,Suburban,Pile,Flat,1,1,21.141475349302727,6637007.684537718
Commercial,400.8318909986849,18,Urban,Pile,Dome,1,1,41.859110669506975,813715.7189684479
Commercial,9316.39208551908,33,Rural,Slab,Flat,1,0,35.84204242796237,20910423.502477717
Industrial,6926.314835212455,6,Suburban,Concrete,Flat,1,1,26.062428082595623,6913071.456658012
Residential,6797.48251919474,27,Rural,Slab,Flat,0,0,23.302212805431715,10826361.972102152
Residential,2235.1840087374,23,Rural,Concrete,Pitched,0,1,31.501635908959955,2653729.723184132
Commercial,6622.966155303307,27,Urban,Concrete,Dome,1,1,45.11485892585077,21953924.976335336
Residential,3999.257615976169,34,Urban,Pile,Flat,0,0,45.958836776030736,10733838.907264212
Commercial,6547.206472710772,46,Urban,Pile,Flat,1,1,38.0853914118691,27935782.88376754
Residential,1155.2710000491081,38,Suburban,Concrete,Pitched,0,1,41.82609281690428,2450781.1455771634
Industrial,6612.668515570057,14,Urban,Slab,Dome,1,0,23.454673622086112,11250954.153822185
Residential,9994.195885129599,36,Urban,Pile,Dome,0,0,37.64378196403565,31141109.344282668
Residential,577.2991847195046,8,Suburban,Slab,Pitched,0,0,40.008971104615455,521414.9025770175
Commercial,9774.024423791041,35,Suburban,Pile,Pitched,0,1,26.021385287413764,26434497.70316524
Residential,4128.388811156419,19,Urban,Pile,Dome,0,0,46.40464198730777,5841522.049651472
Residential,8720.459158338866,30,Urban,Slab,Pitched,0,0,25.849902125630592,24130188.97121614
Commercial,7845.616292176907,14,Urban,Pile,Dome,1,1,29.404320795393513,17368577.325260915
Industrial,5713.460983768011,20,Urban,Pile,Dome,1,0,38.61670541070376,12237100.887052415
Industrial,7410.647171588133,49,Rural,Slab,Flat,1,1,39.150501953921925,23649190.936955478
Commercial,8797.304056883344,25,Rural,Pile,Flat,0,1,40.98154222962101,16697004.592082288
Commercial,4100.989184345226,40,Urban,Pile,Dome,1,0,23.36035139204617,15901751.113991166
Commercial,3337.628299476063,24,Rural,Pile,Dome,0,1,45.48393289785666,6353076.435759369
Commercial,6709.174517079488,14,Suburban,Slab,Dome,0,0,35.985413968497795,9597895.445956348
Commercial,8097.67482521846,26,Rural,Concrete,Dome,0,0,34.13965382315205,13649559.951974772
Industrial,7646.622834288496,38,Rural,Slab,Dome,1,0,49.432928735405284,18265576.608707502
Industrial,7998.355123700481,23,Urban,Concrete,Dome,0,0,42.21134890823059,18911184.95697213
Commercial,4412.274816648037,22,Rural,Pile,Pitched,1,1,23.540180798581247,6861729.310809595
Residential,8196.558740132714,48,Rural,Concrete,Dome,1,1,42.69617501678722,17847272.296190485
Commercial,1290.0696481690236,19,Rural,Slab,Pitched,0,0,22.857468019186086,1858843.9481051113
Residential,5490.44206981241,46,Rural,Slab,Pitched,0,0,20.824116875389546,11423785.568736486
Commercial,157.01073893140355,3,Suburban,Pile,Dome,1,1,32.10877685809692,148864.54995043715
Commercial,3313.399716012676,42,Urban,Concrete,Dome,1,0,49.80734518457656,14178910.34936829
Industrial,3727.969195226839,19,Urban,Pile,Pitched,1,1,25.246518085845878,8532156.254471334
Residential,4022.1096469316285,9,Suburban,Pile,Pitched,1,0,40.1793303058037,4139339.8971977117
Residential,6985.125346229635,28,Rural,Slab,Dome,1,1,25.20188198618358,10638262.421287147
Industrial,3946.725202576423,20,Suburban,Concrete,Dome,1,1,41.74360924875158,5655496.043552715
Industrial,4542.066863963053,45,Rural,Concrete,Pitched,0,1,35.16061004713478,11412837.397525778
Industrial,2451.686895655842,7,Suburban,Concrete,Pitched,1,0,40.39915130268129,1995277.2782489404
Industrial,3795.192737130467,14,Urban,Concrete,Pitched,1,0,26.086195277427038,5897483.603969608
Residential,2349.9693099051997,9,Urban,Pile,Flat,1,0,42.36884997561506,2609897.7812504494
Residential,824.639645307592,19,Urban,Pile,Pitched,1,0,49.8685717886812,1430016.1572338264
Commercial,6074.141074475641,47,Rural,Slab,Flat,0,0,39.96951501877879,15634398.41856724
Commercial,6715.306705694661,14,Rural,Pile,Dome,0,1,34.80439994218633,7928327.400959204
Industrial,6232.954425495183,38,Suburban,Pile,Dome,1,1,47.69521965857794,19642767.210650805
Industrial,4688.591033625667,36,Suburban,Slab,Pitched,1,1,20.475555266956288,14156642.419444924
Industrial,3859.879223774375,40,Urban,Slab,Dome,1,1,41.89770557857463,15732602.91157187
Commercial,8647.00313076107,17,Rural,Slab,Dome,0,1,46.66239550441439,12395764.889506416
Commercial,5238.909672848558,30,Suburban,Pile,Dome,0,1,21.850237508628723,14270409.148127288
Commercial,4843.900588534337,9,Rural,Pile,Dome,0,1,33.50192511247275,5448040.473815441
Commercial,353.8564514837133,33,Rural,Slab,Flat,0,0,26.14158361849997,674860.9443317461
Commercial,3478.353493498948,25,Urban,Slab,Flat,0,1,36.9955449676349,10466140.661083251
Commercial,3863.936625979985,14,Urban,Slab,Pitched,0,0,39.486288758109815,8175312.987412916
Commercial,4048.345530879315,11,Rural,Pile,Pitched,1,1,29.07869548786265,4313776.298253016
Industrial,5843.70645535059,35,Rural,Pile,Pitched,0,1,33.79945009034303,13433733.302452106
Industrial,5382.665212596096,41,Rural,Concrete,Dome,0,0,28.380184558296783,14564154.4106467
Industrial,6118.260418655102,14,Rural,Pile,Dome,1,1,31.081734933653415,7457844.920378584
Industrial,7672.34428926707,30,Urban,Pile,Flat,0,0,24.786198700652708,21459156.863893192
Commercial,8148.558813289325,41,Suburban,Pile,Flat,1,1,46.56678330756894,25690805.811782584
Residential,7209.418454642295,4,Urban,Slab,Pitched,0,0,20.300312316774093,6703411.939075037
Commercial,9559.684589953853,4,Suburban,Pile,Flat,1,1,46.472275593313654,8361425.05895054
Residential,280.50256849598014,28,Rural,Slab,Flat,1,0,37.150366350492156,464234.7331925989
Industrial,2038.2020582671064,8,Suburban,Concrete,Flat,1,0,29.949735325310524,2218522.48002756
Commercial,174.87246228360698,2,Urban,Concrete,Flat,1,1,41.691713763809894,117517.9912944069
Industrial,6509.99967013057,41,Urban,Slab,Flat,1,1,35.23256455587993,24420815.62374397
Commercial,8990.50243460487,46,Rural,Slab,Pitched,0,0,34.9732597432282,33043454.020635635
Industrial,2510.474736105363,22,Urban,Slab,Pitched,0,1,23.304268487568994,4276854.606733957
Residential,9277.641993483436,41,Rural,Pile,Flat,1,0,31.685480778362262,19765611.157787643
Residential,696.6471638666525,16,Urban,Concrete,Pitched,1,1,27.2319303757021,937299.5734968795
Residential,9350.916665374592,29,Urban,Slab,Dome,1,0,20.47087716788839,20920894.207443736
Commercial,3581.0646036723806,49,Rural,Pile,Flat,0,1,30.802988923463396,9043847.411129678
Residential,1104.0662016472434,48,Suburban,Concrete,Dome,1,0,22.694663882768143,3415517.825116155
Commercial,4910.130415944624,30,Urban,Pile,Pitched,1,1,27.704901131755555,17709390.1159859
Residential,2642.0880204330288,12,Suburban,Concrete,Pitched,1,0,22.775498635492834,3176647.982678722
Residential,2920.241729423036,35,Urban,Pile,Dome,1,0,23.028248766691966,7508797.905372225
Commercial,3142.170652770237,11,Urban,Concrete,Pitched,0,1,25.97033883245565,4929892.185864731
Commercial,8049.956388543368,46,Urban,Concrete,Flat,1,1,49.99547733459201,38684070.63862893
Residential,5437.696639085019,21,Urban,Pile,Dome,1,0,20.065524285717462,9665180.301150646
Commercial,3181.9462216444363,21,Suburban,Slab,Flat,0,0,39.16017908361216,5559648.489775028
Residential,6142.304454778092,5,Suburban,Concrete,Dome,1,0,24.23731094079672,4721397.45062412
Commercial,7189.891674809616,48,Urban,Slab,Pitched,1,0,47.618844101323276,30926921.484425172
Industrial,2798.9776072619843,20,Urban,Pile,Dome,0,1,22.808986800008878,5885461.259656358
Industrial,4194.13610510098,37,Suburban,Slab,Dome,0,0,48.65189561378709,12249869.01183182
Industrial,1306.6723240357808,3,Rural,Slab,Flat,0,0,38.32779162450434,941564.2568931526
Industrial,1893.3785603933352,44,Rural,Slab,Pitched,1,0,20.038042307464707,4883290.147230611
Industrial,6843.06675425333,33,Suburban,Slab,Flat,1,1,46.82021593750418,18452563.93316424
Residential,1896.2396421867068,9,Urban,Slab,Pitched,0,0,35.65135404100755,2032157.9713679499
Industrial,5299.117498303895,9,Urban,Concrete,Flat,0,1,27.88009205991454,6413761.489581138
Industrial,7119.557991052084,4,Rural,Concrete,Dome,0,1,43.0183753254689,5047765.34896311
Industrial,1158.081538637964,35,Rural,Concrete,Flat,1,1,47.7999666166061,2387943.84233767
Industrial,5716.390974326145,17,Suburban,Pile,Pitched,1,1,34.51072469440382,9157868.740696343
Commercial,2639.9715586435013,34,Rural,Slab,Pitched,0,1,29.466604233293324,6914542.675940678
Residential,9632.97606485204,24,Suburban,Concrete,Dome,1,1,43.668353718047804,17067620.784416173
Industrial,4887.101902527254,32,Rural,Pile,Pitched,0,1,40.45356493365364,10594177.64936119
Industrial,8079.326242774066,1,Rural,Concrete,Flat,1,0,46.66257451250817,4341194.490790921
Industrial,5547.242767346991,8,Rural,Concrete,Dome,1,0,40.77542038283579,4823166.227447816
Residential,529.7840752627097,45,Urban,Slab,Pitched,1,1,27.30585016698609,1751047.893457547
Commercial,6368.198618380821,23,Urban,Pile,Pitched,1,0,47.94977749277057,18087603.977801736
Residential,9518.893087845905,47,Urban,Slab,Flat,0,0,23.14507241617974,31157871.822863784
Commercial,6055.957019448679,40,Rural,Slab,Flat,1,1,28.038282503205437,17655001.687923517
Industrial,8209.969708325223,12,Suburban,Concrete,Dome,1,0,35.60583823171657,10324555.165800877
Industrial,8853.643987149237,12,Suburban,Slab,Pitched,0,1,36.97226078212704,11983616.412410442
Residential,2357.9897422944314,46,Suburban,Pile,Flat,1,0,20.459317598807164,6910464.509076337
Residential,2199.243915091444,47,Suburban,Slab,Dome,0,1,43.4171817746282,7696045.570225406
Commercial,6148.711789624818,15,Urban,Slab,Pitched,0,1,30.848219552761684,11892799.643482426
Commercial,4169.181851086377,41,Urban,Slab,Pitched,1,0,32.192556230064135,16483333.515538726
Residential,8414.626898380531,19,Rural,Concrete,Dome,1,0,44.28108633310838,10603748.120950244
Commercial,9010.22892164031,26,Rural,Pile,Dome,0,1,31.378501751826334,19058913.855253052
Residential,3598.8716550969093,29,Suburban,Concrete,Flat,0,1,21.416746294842646,7924148.881213431
Commercial,2445.0185338473725,22,Urban,Concrete,Pitched,0,1,25.293193114110508,6328640.05921367
Residential,7827.202600914232,40,Suburban,Concrete,Pitched,1,0,48.67709517164547,21243113.21226553
Residential,2820.5797519265475,21,Rural,Concrete,Pitched,0,0,22.112160872075425,3616622.721312667
Residential,8243.881753285415,38,Rural,Concrete,Dome,0,0,30.647936029040487,14122168.610346787
Commercial,4295.008711122752,20,Suburban,Pile,Flat,0,0,35.09537501154034,9232955.835566262
Commercial,6708.744002985558,29,Rural,Slab,Pitched,1,1,34.798424820156804,12738449.683915056
Commercial,1045.799606963215,4,Suburban,Concrete,Dome,0,1,20.118798290364282,866262.7991245906
Residential,6276.207314298073,7,Urban,Concrete,Pitched,1,1,35.03488194372471,6893982.363291005
Commercial,4572.500019498569,28,Suburban,Pile,Flat,1,1,31.513173739322276,11709053.501467956
Commercial,5907.423785437194,28,Urban,Pile,Pitched,0,0,49.162380064236714,18903644.186473668
Residential,1763.3406566741478,4,Urban,Slab,Flat,1,1,24.774772519814896,1657338.5543079341
Industrial,7395.050074947403,22,Rural,Pile,Flat,0,1,30.62462590278485,10767251.55486954
Residential,8641.691067677963,12,Rural,Slab,Pitched,1,0,32.58444455269459,7086192.368401615
Commercial,2245.724020898679,45,Rural,Concrete,Pitched,1,0,31.720806113028463,6761821.12840518
Residential,1047.574099649601,3,Suburban,Concrete,Flat,0,1,39.974924829555874,690894.487942104
Industrial,334.02200185873033,22,Suburban,Slab,Dome,0,0,26.465385726433066,600940.6087931534
Residential,6455.517854388333,44,Rural,Pile,Flat,0,1,26.632146584419754,13611162.614158498
Commercial,6110.23095727893,2,Suburban,Slab,Pitched,1,0,41.87632845502559,5265911.644684711
Industrial,5512.304385869294,24,Rural,Pile,Pitched,1,0,35.008715560345394,8358649.96261393
Commercial,2396.276251548157,34,Suburban,Concrete,Dome,0,1,32.45467028171932,7290385.290649547
Industrial,3969.969359464595,27,Urban,Pile,Flat,0,0,25.076091550317553,10466406.645290462
Industrial,5985.315718343113,41,Urban,Slab,Flat,1,1,25.625816687365,20423483.7656241
Residential,5017.991902705777,1,Rural,Slab,Flat,1,0,20.316549104477016,2139301.814314961
Residential,9879.076650127385,8,Suburban,Concrete,Pitched,1,0,22.74278806585128,9780449.893946018
Commercial,1450.753550311658,23,Suburban,Pile,Flat,0,0,36.70516084070724,2700757.799240471
Residential,6981.931085071178,38,Urban,Pile,Dome,1,0,46.7561939002523,23460457.37386298
Residential,4102.755804232493,6,Urban,Pile,Pitched,0,0,28.614942953916724,3942963.358399792
Industrial,4339.176187763586,22,Rural,Concrete,Pitched,1,1,29.832416776883846,6468248.526702272
Residential,7204.2178800159445,25,Urban,Pile,Flat,1,0,23.468168318345366,16752663.115443068
Industrial,6955.11789811126,18,Rural,Slab,Dome,0,1,31.658928368213083,9163059.446775895
Industrial,9913.434337651664,17,Urban,Pile,Pitched,0,0,21.116651137079874,17677254.65147634
Industrial,1371.10346559584,12,Urban,Concrete,Pitched,0,1,47.52802088785701,2209076.115597474
Commercial,1130.6855289032467,6,Suburban,Pile,Flat,1,0,40.19334044373586,1151688.235410712
Commercial,7270.954289574537,26,Urban,Pile,Flat,1,1,49.72246428179656,23424104.974188723
Commercial,5826.03047836345,27,Urban,Slab,Dome,1,1,46.48469488035481,16065358.4177384
Industrial,2814.190598942078,8,Rural,Pile,Flat,0,0,34.18971781094458,2342654.390691295
Commercial,886.2517529909674,19,Urban,Slab,Dome,1,0,35.590550934511306,2035921.290354727
Commercial,948.0166710046623,42,Rural,Slab,Pitched,0,0,25.717281395515815,2227348.415871988
Residential,8952.489659174771,1,Urban,Concrete,Dome,0,1,33.86118028518667,6181489.943211059
Commercial,1999.4865147155547,29,Urban,Slab,Dome,0,1,47.09083620478435,6182728.242363125
Commercial,3301.3784649436557,45,Rural,Slab,Dome,1,0,21.525602709074633,8384575.361696443
Industrial,2343.8983820471813,49,Suburban,Concrete,Pitched,1,0,45.90670408994929,6298222.091293175
Industrial,3614.4634277361793,35,Rural,Slab,Flat,0,1,30.22843404927829,7188621.23717288
Industrial,787.2960431863244,40,Rural,Concrete,Pitched,1,1,46.985382952889296,2155212.2116738954
Industrial,5238.691929991876,14,Rural,Pile,Flat,0,0,48.22639719024454,5709646.064265091
Industrial,769.3643795629275,35,Suburban,Concrete,Dome,0,1,40.12594661005718,1812458.4866105013
Industrial,8023.529427441379,48,Urban,Slab,Dome,1,0,39.932713597780335,35738778.938044995
Commercial,2413.749610913287,45,Rural,Concrete,Dome,0,0,33.582630131262206,7529609.734443635
Industrial,5446.117954584654,20,Rural,Slab,Dome,0,0,45.06620673631122,8102998.093496954
Industrial,8812.782966858436,49,Suburban,Pile,Dome,1,1,48.848382752998496,32722537.21989995
Residential,6543.685953567222,13,Rural,Concrete,Flat,0,1,43.25245401017358,6684591.62744309
Commercial,5376.282086858219,38,Urban,Pile,Flat,0,1,38.65810201270128,22032442.560496703
Commercial,3310.9041558422186,49,Suburban,Slab,Dome,0,1,38.2037868746401,12332834.533077504
Commercial,3396.7189392761593,46,Urban,Slab,Pitched,0,0,45.48409704750987,12407656.45231141
Industrial,6727.920856462082,49,Urban,Pile,Pitched,0,1,36.23611297313895,25329890.52745383
Industrial,9941.979676089559,8,Suburban,Concrete,Dome,0,0,44.11579658746468,10930100.715230687
Industrial,6652.207979508848,43,Rural,Concrete,Flat,0,0,35.26655765522737,14921888.841023404
Residential,5622.055831963246,20,Urban,Slab,Pitched,1,0,21.873328249217725,10471125.309065036
Industrial,7333.440051368536,33,Urban,Pile,Pitched,1,1,31.518410267124658,19691444.508107837
Residential,4705.53556160881,26,Urban,Pile,Pitched,0,0,33.33322873014496,9603831.751918795
Commercial,695.4091917477737,39,Urban,Concrete,Dome,0,0,24.248517349598515,2655438.163093634
Industrial,5666.738477191307,21,Suburban,Concrete,Pitched,1,1,23.074889875676384,10857468.444624737
Residential,9580.490316603264,49,Suburban,Concrete,Pitched,1,0,36.06394848970862,28314466.248981856
Residential,1835.4991293408305,42,Urban,Pile,Pitched,1,1,22.554309096682466,5809186.176079181
Industrial,6931.0484191245905,43,Rural,Concrete,Pitched,1,1,29.088355036702517,18768665.104756843
Commercial,2089.243517724659,41,Urban,Concrete,Flat,1,1,42.33790927889228,9190615.217225611
Commercial,5404.694076283505,9,Rural,Slab,Dome,0,0,48.932965387039424,5579421.563951878
Commercial,1057.0968515025243,24,Urban,Concrete,Dome,1,1,41.53611741655786,3461336.4433797933
Residential,4558.672268956033,37,Rural,Concrete,Flat,1,1,49.7787664535861,8715197.990772486
Residential,7586.0169560629365,49,Urban,Pile,Flat,1,1,40.950139138382085,28620184.658974055
Residential,3540.9580899659227,41,Rural,Pile,Dome,0,1,28.813834119629824,7774121.526012409
Residential,6682.626072423458,17,Urban,Slab,Pitched,0,0,40.161576215160856,9882373.070919381
Commercial,7974.954611818319,24,Urban,Concrete,Pitched,0,1,41.064702955907116,22066690.402361866
Industrial,9279.060412846582,21,Rural,Slab,Dome,0,0,31.15180953849382,12684731.707085174
Residential,2422.95661036899,39,Suburban,Pile,Pitched,0,1,20.53141551828167,7736614.63377411
Residential,4053.2275665121506,41,Rural,Slab,Flat,0,0,41.09599354326461,8351162.174394141
Commercial,1608.9185319711326,39,Suburban,Pile,Pitched,1,1,20.65100285826625,6123194.431687023
Industrial,9925.586671367915,13,Urban,Slab,Pitched,0,0,38.93564234180214,16317519.374281496
Industrial,9277.309582450524,11,Rural,Slab,Pitched,0,1,24.908494662276652,7732418.425726844
Commercial,5445.57558977754,46,Rural,Concrete,Dome,1,0,36.968105832441296,14071539.531083684
Commercial,8436.12961432657,19,Rural,Slab,Flat,0,0,35.117390761418,13035927.620311739
Industrial,5257.483974993218,11,Suburban,Concrete,Pitched,1,0,20.405409269185476,7177691.9926336985
Residential,6273.498311227321,13,Suburban,Concrete,Dome,1,1,30.885974509853103,7949218.89901004
Industrial,982.3318779485645,46,Urban,Concrete,Pitched,0,0,38.03273502188908,3659327.334507941
Commercial,7577.177162918399,45,Suburban,Concrete,Flat,1,0,45.458196556963394,27634805.972586438
Residential,1364.3634879888248,1,Suburban,Slab,Pitched,1,0,46.659263415095516,683602.3711162768
Residential,8278.069539500031,40,Urban,Pile,Flat,1,0,34.5154991009967,23571273.001710415
Commercial,7842.07806793682,44,Rural,Pile,Pitched,1,1,41.852674618983144,19757947.656996958
Commercial,7116.572507655466,19,Rural,Pile,Flat,0,0,29.49363729600373,9548024.747376082
Commercial,457.98776719514495,12,Urban,Slab,Pitched,1,0,30.265592172759725,781796.0350977648
Industrial,3100.9707238587534,8,Rural,Concrete,Flat,0,0,25.833905575469412,2646555.9280425184
Industrial,2704.8144421173442,8,Suburban,Pile,Pitched,1,1,36.85844329979718,2740247.4123266777
Residential,3665.350433968039,45,Urban,Slab,Pitched,1,0,29.436924527820956,13025095.229804588
Commercial,967.6631929620015,12,Urban,Concrete,Dome,1,0,22.53112689315515,1767113.234666796
Residential,9375.882448007522,48,Urban,Pile,Dome,0,0,40.550182599895365,34256370.99868777
Residential,5582.642183052525,33,Rural,Concrete,Flat,0,0,41.232596228161945,8608500.298855716
Residential,3124.690675514433,45,Urban,Pile,Pitched,0,1,30.799772563371736,11631737.921087282
Residential,4030.117019035406,26,Urban,Pile,Flat,1,0,22.301701983680683,7854102.659856068
Commercial,4527.305150997873,39,Urban,Pile,Dome,1,0,32.78893152210278,17354917.617336284
Residential,6045.883900270112,28,Rural,Concrete,Flat,1,1,33.27006374150646,9821639.766461015
Commercial,5205.226334195328,5,Suburban,Slab,Flat,1,1,40.060126546936786,5848598.68761702
Commercial,9201.980534822731,8,Urban,Concrete,Dome,0,1,29.462491737760505,14995622.303846577
Industrial,5019.93848076772,25,Suburban,Pile,Pitched,1,0,40.47797839343916,10925837.726556223
Commercial,9922.364346750795,27,Rural,Concrete,Flat,0,1,46.144656252721646,22229576.43893879
Industrial,8529.107081676448,46,Rural,Slab,Dome,1,0,27.124581270865995,20236804.29248521
Commercial,2164.2540921376244,23,Rural,Concrete,Pitched,0,1,49.367586683597,4239065.894968612
Commercial,9312.892624974771,30,Rural,Slab,Dome,0,0,31.591044114104207,21344037.935404748
Commercial,1252.0273390662132,45,Suburban,Slab,Flat,1,1,28.01776055441185,3645068.778910469
Industrial,8192.752114062798,47,Urban,Concrete,Pitched,1,0,32.64533547530871,31648719.548075628
Industrial,3868.1706054181427,23,Rural,Pile,Pitched,0,1,22.831924277115775,6073817.539672883
Residential,8791.945772406189,49,Rural,Slab,Dome,1,0,23.77117719536347,20663538.21484865
